param_id,param_id_hex,address,address_hex,region,firmware_variable,e2m_parameter
0,0x0000,16777274,0x0100003A,EEPROM,ecm_ram_avaliable_length_none,
1,0x0001,16777228,0x0100000C,EEPROM,,
2,0x0002,16,0x00000010,ROM,,
3,0x0003,16777344,0x01000080,EEPROM,,
4,0x0004,8437156,0x0080BDA4,RAM,hour_meter_ecm_run_time_none,
5,0x0005,16777218,0x01000002,EEPROM,,
6,0x0006,16777920,0x010002C0,EEPROM,,
7,0x0007,16777682,0x010001D2,EEPROM,,DISRSLEN
8,0x0008,16777362,0x01000092,EEPROM,service_tool_adjustable_parameters_n_a,
9,0x0009,393216,0x00060000,ROM,,
10,0x000A,16777536,0x01000140,EEPROM,,
11,0x000B,16777216,0x01000000,EEPROM,indicator_as_to_the_calibration_status_of_the_ecm_see_ces15005,
12,0x000C,8442542,0x0080D2AE,RAM,completion_status_of_data_link_command_invalid_password,
13,0x000D,8445074,0x0080DC92,RAM,calibration_write_protect_state,
14,0x000E,8436942,0x0080BCCE,RAM,value_used_for_monitoring_switch_data_0_1_2089_10_24,SWITCHES
15,0x000F,8414540,0x0080654C,RAM,,
16,0x0010,8445072,0x0080DC90,RAM,calibration_state_signature,
17,0x0011,16778510,0x0100050E,EEPROM,,
18,0x0012,16777360,0x01000090,EEPROM,indicates_the_versions_of_the_tools_compatible_with_the_ecm_n_a,
19,0x0013,8445490,0x0080DE32,RAM,buffer_used_to_store_secure_write_data_until_the_copy_0c000h_0f7efh,
20,0x0014,8445498,0x0080DE3A,RAM,length_in_bytes_of_scratch_pad_buffer_0_200,
21,0x0015,8445494,0x0080DE36,RAM,j1708_transmit_buffer_2_32_ddc6.reserved_112[0],
22,0x0016,16778524,0x0100051C,EEPROM,,
23,0x0017,16778512,0x01000510,EEPROM,,
25,0x0019,8423898,0x008089DA,RAM,special_engine_monitor_broadcast_table_none,
26,0x001A,8445048,0x0080DC78,RAM,,
27,0x001B,8430478,0x0080A38E,RAM,ADSATHFT,ADSATHFT
28,0x001C,8437156,0x0080BDA4,RAM,hour_meter_ecm_run_time_none,
29,0x001D,16777812,0x01000254,EEPROM,,
30,0x001E,16778530,0x01000522,EEPROM,,
31,0x001F,16778536,0x01000528,EEPROM,,
32,0x0020,16778542,0x0100052E,EEPROM,,
33,0x0021,16778548,0x01000534,EEPROM,,
34,0x0022,16778554,0x0100053A,EEPROM,,
46,0x002E,16777278,0x0100003E,EEPROM,,
4096,0x1000,16777358,0x0100008E,EEPROM,,
4097,0x1001,8445480,0x0080DE28,RAM,address_of_scratch_pad_directory_0c000h_0f7efh,
4098,0x1002,8445484,0x0080DE2C,RAM,number_of_entries_in_the_scratch_pad_0_10,
4099,0x1003,8415970,0x00806AE2,RAM,a_d_digital_filter_constant_for_intake_manifold_temperature_0_1,ADIMTPCS
4100,0x1004,8430250,0x0080A2AA,RAM,,
4101,0x1005,8432298,0x0080AAAA,RAM,actual_starting_ram_address_of_the_data_collector_buffer_none,
4102,0x1006,397728,0x000611A0,ROM,,
4104,0x1008,8445654,0x0080DED6,RAM,,
4107,0x100B,8421032,0x00807EA8,RAM,time_constant_for_the_filter_used_on_the_2_n_pulse_average_0_1,ESESFTTC
4108,0x100C,8441074,0x0080CCF2,RAM,fuel_demand_blend_mode_select,
4110,0x100E,8443528,0x0080D688,RAM,,
4112,0x1010,8445042,0x0080DC72,RAM,,
4113,0x1011,8417032,0x00806F08,RAM,(null),
4114,0x1012,8417018,0x00806EFA,RAM,,
4115,0x1013,8416906,0x00806E8A,RAM,(null),
4116,0x1014,8416854,0x00806E56,RAM,,
4117,0x1015,8416844,0x00806E4C,RAM,(null),
4118,0x1016,8416834,0x00806E42,RAM,,
4119,0x1017,8416822,0x00806E36,RAM,(null),
4120,0x1018,8416810,0x00806E2A,RAM,,
4121,0x1019,8416622,0x00806D6E,RAM,(null),
4122,0x101A,8408990,0x00804F9E,RAM,,
4123,0x101B,8416570,0x00806D3A,RAM,,AD25FTCS
4124,0x101C,8417084,0x00806F3C,RAM,(null),
4125,0x101D,8417074,0x00806F32,RAM,,
4130,0x1022,8417060,0x00806F24,RAM,(null),
4131,0x1023,8417046,0x00806F16,RAM,,
4134,0x1026,8417100,0x00806F4C,RAM,(null),
4135,0x1027,8417094,0x00806F46,RAM,,
4142,0x102E,8432146,0x0080AA12,RAM,bit_2_0_15_enables_j1939_71_engine_broadcast_1_on_0_off,EBDRLV
4143,0x102F,8423868,0x008089BC,RAM,,JCRDP5TQ
4145,0x1031,8411676,0x00805A1C,RAM,,
4146,0x1032,8421148,0x00807F1C,RAM,intake_manifold_temp_threshold,
4147,0x1033,8442714,0x0080D35A,RAM,,
4148,0x1034,8421406,0x0080801E,RAM,conversion_offset_of_line_converting_cubic_millimeter_fuel_to_0_100,
4149,0x1035,8421388,0x0080800C,RAM,debounce_count_for_fpc_faults_none,
4150,0x1036,8413184,0x00806000,RAM,set_true_if_relay_1_driver_is_shorted_hi_for_auxiliary_driv_true_false,
4152,0x1038,394628,0x00060584,ROM,,
4153,0x1039,394610,0x00060572,ROM,,
4154,0x103A,394608,0x00060570,ROM,,
4155,0x103B,8442692,0x0080D344,RAM,timing_4DTBTA,
4156,0x103C,395858,0x00060A52,ROM,,
4157,0x103D,395818,0x00060A2A,ROM,,
4158,0x103E,395892,0x00060A74,ROM,,
4159,0x103F,396540,0x00060CFC,ROM,,
4160,0x1040,396500,0x00060CD4,ROM,,
4161,0x1041,396574,0x00060D1E,ROM,,
4162,0x1042,8420346,0x00807BFA,RAM,number_of_aux_driver_errors_that_must_be_seen_before_fault_is_1_10,
4163,0x1043,8424142,0x00808ACE,RAM,,
4164,0x1044,16777224,0x01000008,EEPROM,checksum_for_flash_parameter_block_1_0_ff,
4165,0x1045,8431856,0x0080A8F0,RAM,,
4166,0x1046,8419924,0x00807A54,RAM,,
4167,0x1047,8432258,0x0080AA82,RAM,validated_percent_throttle_commanded_by_driver_0_100,
4168,0x1048,8420574,0x00807CDE,RAM,engine_fault_timer_init,CRSPICRP
4169,0x1049,8444674,0x0080DB02,RAM,,
4170,0x104A,8431864,0x0080A8F8,RAM,,ALPHA
4171,0x104B,8420000,0x00807AA0,RAM,rate_at_which_alpha_increases_while_alpha_is_below_the_alpha_thr_0_1,APRM01RT
4172,0x104C,8431862,0x0080A8F6,RAM,,
4173,0x104D,393454,0x000600EE,ROM,,
4174,0x104E,393484,0x0006010C,ROM,,
4175,0x104F,393528,0x00060138,ROM,,
4176,0x1050,8445650,0x0080DED2,RAM,,FSDSFL
4177,0x1051,8442670,0x0080D32E,RAM,,FSFNFL
4178,0x1052,8421380,0x00808004,RAM,,
4179,0x1053,8442686,0x0080D33E,RAM,,FCACRQST
4180,0x1054,395418,0x0006089A,ROM,,
4181,0x1055,395374,0x0006086E,ROM,,
4182,0x1056,395428,0x000608A4,ROM,,
4183,0x1057,395640,0x00060978,ROM,,
4184,0x1058,395596,0x0006094C,ROM,,
4185,0x1059,395650,0x00060982,ROM,,
4186,0x105A,8442728,0x0080D368,RAM,fueling_value_at_100_throttle_0_100,
4187,0x105B,8445544,0x0080DE68,RAM,timing_advance_added_to_base_timing_anytime_afc_is_limiting_fu_0_120,
4188,0x105C,8424046,0x00808A6E,RAM,calibratible_timing_increment_that_is_added_to_base_timing_any_0_120,
4189,0x105D,8445640,0x0080DEC8,RAM,j1708_transmit_buffer_2_32_ddc6.base_ptr+2,FSLMFL
4190,0x105E,8442008,0x0080D098,RAM,engine_mode_timing_init_flag,
4191,0x105F,8421098,0x00807EEA,RAM,engine_speed_at_which_the_algorithm_stops_commanding_fuel_0_1400,ESVTHLTD
4192,0x1060,8421430,0x00808036,RAM,,
4193,0x1061,8443428,0x0080D624,RAM,,
4194,0x1062,8421688,0x00808138,RAM,incremental_step_in_hsg_reference_used_when_reference_is_incre_0_300,
4195,0x1063,8443460,0x0080D644,RAM,,HSRFST
4196,0x1064,8421942,0x00808236,RAM,added_to_4d_fueling_at_lsg_adjusted_reference_speed_to_det_max_5_5,
4197,0x1065,8444638,0x0080DADE,RAM,,
4198,0x1066,8422202,0x0080833A,RAM,cold_idle_coolant_temperature_50_to_293,
4199,0x1067,8444674,0x0080DB02,RAM,,
4200,0x1068,8442056,0x0080D0C8,RAM,smoke_limiter_output_value,
4201,0x1069,16778442,0x010004CA,EEPROM,blank_spot_replacing_key_off_count_0_65535,
4202,0x106A,16778464,0x010004E0,EEPROM,cumulative_count_of_non_power_up_resets_none,
4203,0x106B,16777608,0x01000188,EEPROM,,AENBLFLG
4204,0x106C,8442782,0x0080D39E,RAM,,GRGRRA
4205,0x106D,8421410,0x00808022,RAM,,
4208,0x1070,8441036,0x0080CCCC,RAM,,EBCOSS
4209,0x1071,8420832,0x00807DE0,RAM,,
4210,0x1072,8422194,0x00808332,RAM,idle_increment_decrement_step_value_0_100,
4211,0x1073,8412938,0x00805F0A,RAM,rpm_added_to_lsg_reference_300_300,
4212,0x1074,8417754,0x008071DA,RAM,blank_spot_for_esdn_backwards_compatibility_0_0_1,
4213,0x1075,8417760,0x008071E0,RAM,,
4214,0x1076,8417782,0x008071F6,RAM,,
4215,0x1077,8445668,0x0080DEE4,RAM,,
4218,0x107A,8432012,0x0080A98C,RAM,all_speed_governor_reference_speed_based_upon_throttle_positi_0_3000,
4219,0x107B,8420314,0x00807BDA,RAM,ASFTCF,ASFTCF
4220,0x107C,8431980,0x0080A96C,RAM,,ASDV
4221,0x107D,8420030,0x00807ABE,RAM,ASDVDELM,ASDVDELM
4222,0x107E,44082,0x0000AC32,ROM,,
4223,0x107F,16779104,0x01000760,EEPROM,,
4224,0x1080,8445560,0x0080DE78,RAM,fault_to_erase_none,
4225,0x1081,8444764,0x0080DB5C,RAM,bit_13_of_0_15_cpu_output_port_1_bit_5_warning_lamp_yellow_none,
4226,0x1082,395194,0x000607BA,ROM,,
4227,0x1083,8437150,0x0080BD9E,RAM,manifold_temp_lookup_result_2,DPSS
4228,0x1084,395222,0x000607D6,ROM,,
4229,0x1085,395236,0x000607E4,ROM,,
4230,0x1086,395098,0x0006075A,ROM,,
4231,0x1087,395126,0x00060776,ROM,,
4232,0x1088,394872,0x00060678,ROM,,
4233,0x1089,394900,0x00060694,ROM,,
4234,0x108A,394916,0x000606A4,ROM,,
4235,0x108B,394646,0x00060596,ROM,,
4236,0x108C,394674,0x000605B2,ROM,,
4237,0x108D,394816,0x00060640,ROM,,
4238,0x108E,394844,0x0006065C,ROM,,
4239,0x108F,8420600,0x00807CF8,RAM,enable_flag_that_indicates_presence_of_an_ambient_air_press_true_false,AAPRSNST
4240,0x1090,8432284,0x0080AA9C,RAM,expected_intake_temperature_based_on_mass_fuel_rate_calcula_50_to_293,
4241,0x1091,8442702,0x0080D34E,RAM,fso_state_desired_from_fuel_system_specific_algorithms_1_off_on_off,
4242,0x1092,8436936,0x0080BCC8,RAM,bit_mapped_system_switch_status_0_false_1_true_bcc8,
4243,0x1093,8425948,0x008091DC,RAM,none_none,
4244,0x1094,8444574,0x0080DA9E,RAM,determined_state_of_operation_of_lamp_1_on_off_short,
4245,0x1095,8442794,0x0080D3AA,RAM,,GROGOSTR
4246,0x1096,8411070,0x008057BE,RAM,engine_startup_inhibit_true_false,
4247,0x1097,8411348,0x008058D4,RAM,DGAEFUBF,DGAEFUBF
4248,0x1098,397818,0x000611FA,ROM,,
4249,0x1099,397838,0x0006120E,ROM,,
4250,0x109A,397858,0x00061222,ROM,,
4251,0x109B,397878,0x00061236,ROM,,
4252,0x109C,8444700,0x0080DB1C,RAM,,
4253,0x109D,8423812,0x00808984,RAM,max_engine_speed_for_pto_engagement_600_2500,
4254,0x109E,8444964,0x0080DC24,RAM,,
4255,0x109F,8431906,0x0080A922,RAM,,
4256,0x10A0,8420026,0x00807ABA,RAM,engine_speed_above_which_derating_will_occur_when_ambient_air_0_8000,
4257,0x10A1,394116,0x00060384,ROM,,
4258,0x10A2,394160,0x000603B0,ROM,,
4259,0x10A3,394170,0x000603BA,ROM,,
4260,0x10A4,8430220,0x0080A28C,RAM,,
4261,0x10A5,8419874,0x00807A22,RAM,minimum_amount_of_time_which_the_anc_fuel_limit_will_be_active_0_20,
4262,0x10A6,393374,0x0006009E,ROM,,
4263,0x10A7,393394,0x000600B2,ROM,,
4264,0x10A8,393414,0x000600C6,ROM,,
4265,0x10A9,393434,0x000600DA,ROM,,
4266,0x10AA,8423576,0x00808898,RAM,,
4267,0x10AB,8444928,0x0080DC00,RAM,,
4269,0x10AD,398060,0x000612EC,ROM,,
4270,0x10AE,398186,0x0006136A,ROM,,
4271,0x10AF,398152,0x00061348,ROM,,
4272,0x10B0,8442076,0x0080D0DC,RAM,,EPCVSA
4273,0x10B1,8442490,0x0080D27A,RAM,epf_shutdown_engine_command_from_restart_limitation_a_1_true_0_false,EPRYO2SO
4274,0x10B2,8411072,0x008057C0,RAM,coolant_level_fueling_severity_index_0_0_1_0,
4275,0x10B3,8411342,0x008058CE,RAM,,
4276,0x10B4,8421170,0x00807F32,RAM,time_to_reach_full_derate_during_engine_protection_fuelin_0_0039_256,
4277,0x10B5,8421174,0x00807F36,RAM,fills_hole_left_by_making_engine_protection_rpm_delta_a_globa_0_3000,EPRPDC
4278,0x10B6,8420236,0x00807B8C,RAM,ASJCFTCS,ASJCFTCS
4279,0x10B7,8417330,0x00807032,RAM,,
4281,0x10B9,8421180,0x00807F3C,RAM,max_number_of_shutdowns_before_restart_is_not_allowed_0_255,
4282,0x10BA,8417654,0x00807176,RAM,,
4283,0x10BB,8417704,0x008071A8,RAM,,
4284,0x10BC,397776,0x000611D0,ROM,,
4285,0x10BD,397790,0x000611DE,ROM,,
4286,0x10BE,397804,0x000611EC,ROM,,
4287,0x10BF,8444766,0x0080DB5E,RAM,,
4290,0x10C2,8442716,0x0080D35C,RAM,,
4291,0x10C3,8421714,0x00808152,RAM,calibrated_engine_speed_limit_used_when_there_is_an_inj_f_1400_2100,
4292,0x10C4,8443526,0x0080D686,RAM,,
4293,0x10C5,8424134,0x00808AC6,RAM,,
4294,0x10C6,8445674,0x0080DEEA,RAM,,
4295,0x10C7,8445036,0x0080DC6C,RAM,calibration_bank_selector,
4296,0x10C8,8421292,0x00807FAC,RAM,,
4297,0x10C9,8442582,0x0080D2D6,RAM,tpu_transmission_state_machine,FCSS
4300,0x10CC,8421704,0x00808148,RAM,,
4301,0x10CD,8443506,0x0080D672,RAM,,HSIRMNBK
4302,0x10CE,8421902,0x0080820E,RAM,,JCEBRPOF
4303,0x10CF,8444600,0x0080DAB8,RAM,,
4307,0x10D3,8442704,0x0080D350,RAM,fss_adjustment_to_compensate_for_delta_between_injected_and_co_0_100,
4308,0x10D4,8409854,0x008052FE,RAM,,
4314,0x10DA,8410426,0x0080553A,RAM,,
4315,0x10DB,8443308,0x0080D5AC,RAM,signal_transmitted_by_slave_to_signify_beginning_of_data_transfer_n_a,
4316,0x10DC,8444682,0x0080DB0A,RAM,,
4319,0x10DF,8420674,0x00807D42,RAM,jcomm_frict_load_at_600_rpm_point_used_to_calculate_frictional_0_100,JCFCLD06
4320,0x10E0,395154,0x00060792,ROM,,
4321,0x10E1,395174,0x000607A6,ROM,,
4322,0x10E2,8436852,0x0080BC74,RAM,jcomm_no_load_torque_estimated_frictional_no_load_fueling_val_0_100,
4323,0x10E3,397182,0x00060F7E,ROM,,
4324,0x10E4,8444382,0x0080D9DE,RAM,,
4325,0x10E5,8444394,0x0080D9EA,RAM,byte_indicating_retarder_commands_as_received_over_datalink_0_255,
4326,0x10E6,8444388,0x0080D9E4,RAM,,
4327,0x10E7,8421758,0x0080817E,RAM,JCEGDSRP,JCEGDSRP
4328,0x10E8,8444492,0x0080DA4C,RAM,byte_indicating_engine_commands_as_received_over_datalink_0_255,JCEGCOBY
4330,0x10EA,8422170,0x0080831A,RAM,breakpoint_between_mid_gear_and_default_gains_based_on_over_0_2_255,
4331,0x10EB,8422196,0x00808334,RAM,lsg_p_gain_passed_from_fuel_system_specific_algorithm_0_0_4348,
4332,0x10EC,8422164,0x00808314,RAM,,
4333,0x10ED,8444612,0x0080DAC4,RAM,,
4334,0x10EE,8421918,0x0080821E,RAM,,
4335,0x10EF,8444610,0x0080DAC2,RAM,allow_aggressive_logic_0_inhibit_aggressive_logic_1_0_1,
4336,0x10F0,8422562,0x008084A2,RAM,the_can_cpu_interface_register_0_255,
4337,0x10F1,8422590,0x008084BE,RAM,,
4338,0x10F2,394438,0x000604C6,ROM,,
4339,0x10F3,394448,0x000604D0,ROM,,
4340,0x10F4,394458,0x000604DA,ROM,,
4341,0x10F5,394468,0x000604E4,ROM,,
4342,0x10F6,394478,0x000604EE,ROM,,
4343,0x10F7,394488,0x000604F8,ROM,,
4344,0x10F8,394498,0x00060502,ROM,,
4345,0x10F9,394508,0x0006050C,ROM,,
4346,0x10FA,394518,0x00060516,ROM,,
4347,0x10FB,394528,0x00060520,ROM,,
4348,0x10FC,8423846,0x008089A6,RAM,jcomm_reference_retarder_torque_reference_ret_torque_that_co_0_64255,JCRFRDTQ
4349,0x10FD,16778866,0x01000672,EEPROM,,
4350,0x10FE,16778988,0x010006EC,EEPROM,,
4351,0x10FF,16779014,0x01000706,EEPROM,,
4352,0x1100,16779040,0x01000720,EEPROM,j1939_engine_control_status_0_inactive_0_1,
4353,0x1101,16778842,0x0100065A,EEPROM,,
4354,0x1102,8444438,0x0080DA16,RAM,,JCEGIDTQ
4355,0x1103,8432148,0x0080AA14,RAM,jcomm_ind_retarder_torque_amount_of_torque_provided_by_retarde_0_125,
4356,0x1104,8421726,0x0080815E,RAM,jcomm_peak_fueling_ref_fuel_for_all_indicated_percent_peak_tor_0_100,JCINPKFL
4357,0x1105,8423842,0x008089A2,RAM,blank_spot_for_pwm_a_period_0_7,
4379,0x111B,397212,0x00060F9C,ROM,,
4380,0x111C,8420632,0x00807D18,RAM,DCMNHIES,DCMNHIES
4381,0x111D,8420638,0x00807D1E,RAM,,
4382,0x111E,8420658,0x00807D32,RAM,,
4383,0x111F,8436428,0x0080BACC,RAM,short_term_map_1_processing_total_0_500_0,DCPR01TL
4384,0x1120,8436440,0x0080BAD8,RAM,DCSHPR01,DCSHPR01
4385,0x1121,8436646,0x0080BBA6,RAM,DCSHPR02,DCSHPR02
4386,0x1122,8409992,0x00805388,RAM,duty_cycle_mon_approxiamte_short_term_map_1_start_0_0_50000_0,
4387,0x1123,8410012,0x0080539C,RAM,DCMNMP01,DCMNMP01
4388,0x1124,8410116,0x00805404,RAM,DCMNMP02,DCMNMP02
4389,0x1125,8410220,0x0080546C,RAM,,
4390,0x1126,8445076,0x0080DC94,RAM,j1708_transmit_buffer_0_2_32,
4391,0x1127,8445382,0x0080DDC6,RAM,j1708_transmit_buffer_2_32_ddc6,
4392,0x1128,8445386,0x0080DDCA,RAM,j1708_receive_buffer_2_32,
4395,0x112B,8417366,0x00807056,RAM,,
4396,0x112C,8417402,0x0080707A,RAM,,
4397,0x112D,8417438,0x0080709E,RAM,custom_oil_pressure_threshold,
4398,0x112E,8417474,0x008070C2,RAM,,
4399,0x112F,8417510,0x008070E6,RAM,,
4400,0x1130,8417546,0x0080710A,RAM,,
4401,0x1131,8417582,0x0080712E,RAM,,
4402,0x1132,8417618,0x00807152,RAM,,
4416,0x1140,8411102,0x008057DE,RAM,coolant_temp_fueling_severity_index_0_0_1_0,
4417,0x1141,8411132,0x008057FC,RAM,intake_man_temp_fueling_severity_index_0_0_1_0,
4418,0x1142,8411162,0x0080581A,RAM,oil_pressure_fueling_severity_index_0_0_1_0,
4419,0x1143,8411192,0x00805838,RAM,water_in_fuel_fueling_severity_index_0_0_0_1,
4420,0x1144,8411222,0x00805856,RAM,boost_pressure_fueling_severity_index_0_0_0_1,
4421,0x1145,8411252,0x00805874,RAM,engine_sync_fuel_pressure_fueling_severity_index_0_0_0_1,
4422,0x1146,8411282,0x00805892,RAM,severity_index_for_fuel_temperature_error_0_0_1_0,
4423,0x1147,8411312,0x008058B0,RAM,ambient_air_pressure_fueling_severity_index_0_0_0_1,
4431,0x114F,8442122,0x0080D10A,RAM,,EPCQSA
4432,0x1150,8442168,0x0080D138,RAM,,EPIMSA
4433,0x1151,8442214,0x0080D166,RAM,oil_pressure_rpm_limit_reference,EPIMFFTM
4434,0x1152,8442260,0x0080D194,RAM,,EPWFSA
4435,0x1153,8442306,0x0080D1C2,RAM,,EPBSSA
4436,0x1154,8442352,0x0080D1F0,RAM,,EPFPSA
4437,0x1155,8442398,0x0080D21E,RAM,,EPFTSA
4438,0x1156,8442444,0x0080D24C,RAM,,EPAASA
4451,0x1163,8413600,0x008061A0,RAM,,
4458,0x116A,8423998,0x00808A3E,RAM,,
4459,0x116B,8445500,0x0080DE3C,RAM,rpm_value_for_tach_if_normal_input_is_overridden_0_4500,DRTKODRP
4460,0x116C,394338,0x00060462,ROM,,
4461,0x116D,394354,0x00060472,ROM,,
4462,0x116E,394370,0x00060482,ROM,,
4463,0x116F,394386,0x00060492,ROM,,
4464,0x1170,8431922,0x0080A932,RAM,asg_reset_state_x1_2000_2000,ASRSSTX1
4465,0x1171,8423844,0x008089A4,RAM,priority_of_remote_throttle_feature_w_r_to_other_throttle_0_to_10,
4471,0x1177,16777350,0x01000086,EEPROM,,
4472,0x1178,8409862,0x00805306,RAM,,
4477,0x117D,8432068,0x0080A9C4,RAM,,CRSS
4478,0x117E,8420342,0x00807BF6,RAM,,
4479,0x117F,8408992,0x00804FA0,RAM,,
4480,0x1180,16777776,0x01000230,EEPROM,AUTO_ADJ,AUTO_ADJ
4481,0x1181,8432172,0x0080AA2C,RAM,,
4483,0x1183,8420428,0x00807C4C,RAM,,
4484,0x1184,8432174,0x0080AA2E,RAM,CRARFG,CRARFG
4485,0x1185,16778562,0x01000542,EEPROM,adjustable_parameter_table_size_for_cc_rs_gain_droops_0x0000_0xffff,
4486,0x1186,8420450,0x00807C62,RAM,CRBODPOF,CRBODPOF
4487,0x1187,8432184,0x0080AA38,RAM,CRALDP,CRALDP
4488,0x1188,16778580,0x01000554,EEPROM,adjustable_parameter_table_size_for_cc_rs_governor_0x0000_0xffff,
4489,0x1189,8420518,0x00807CA6,RAM,CCRFRTPS,CCRFRTPS
4490,0x118A,8432230,0x0080AA66,RAM,,CRFL
4491,0x118B,16778584,0x01000558,EEPROM,CRADSZ,CRADSZ
4492,0x118C,8420572,0x00807CDC,RAM,,CRSPDTRP
4493,0x118D,8432250,0x0080AA7A,RAM,,CCRTLMPS
4495,0x118F,8420414,0x00807C3E,RAM,CRACSWAC,CRACSWAC
4496,0x1190,8432254,0x0080AA7E,RAM,,
4497,0x1191,8413598,0x0080619E,RAM,,
4498,0x1192,16778666,0x010005AA,EEPROM,,
4499,0x1193,16778680,0x010005B8,EEPROM,,
4500,0x1194,16778722,0x010005E2,EEPROM,,
4501,0x1195,16778728,0x010005E8,EEPROM,,
4502,0x1196,16778772,0x01000614,EEPROM,,
4503,0x1197,8445058,0x0080DC82,RAM,maximum_allowable_vehicle_speed_selected_as_the_rsg_refer_2_255_9961,
4504,0x1198,32866,0x00008062,ROM,,
4505,0x1199,8432156,0x0080AA1C,RAM,can_s_last_message_object_used_0_15,
4506,0x119A,8422580,0x008084B4,RAM,can_number_of_engine_destination_specific_rx_objects_0_14,
4515,0x11A3,8420338,0x00807BF2,RAM,offset_to_low_idle_reference_speed_used_in_lsg_to_no_adjust_t_0_4500,
4516,0x11A4,8432060,0x0080A9BC,RAM,,
4517,0x11A5,8420490,0x00807C8A,RAM,,DIRSTDGN
4518,0x11A6,8420504,0x00807C98,RAM,,
4519,0x11A7,8420366,0x00807C0E,RAM,temp_below_which_cold_crank_can_run_50_293,
4520,0x11A8,8442060,0x0080D0CC,RAM,CMSYSS,CMSYSS
4521,0x11A9,8422518,0x00808476,RAM,final_fuel_command_min,
4522,0x11AA,8444772,0x0080DB64,RAM,,
4523,0x11AB,8422544,0x00808490,RAM,the_can_1_cpu_interface_register_0_255,
4524,0x11AC,8442048,0x0080D0C0,RAM,crank_fuel_divisor,
4525,0x11AD,8421156,0x00807F24,RAM,software_padding_0,
4526,0x11AE,8422512,0x00808470,RAM,engine_speed_above_which_the_overspeed_algorithm_disables_fue_0_4000,
4527,0x11AF,8422648,0x008084F8,RAM,the_ram_address_to_copy_from_when_reprogramming_the_boot_block_none,
4528,0x11B0,8444606,0x0080DABE,RAM,low_oil_pressure_limit_as_calculated_for_present_engine_speed_0_100,
4529,0x11B1,16778820,0x01000644,EEPROM,,
4530,0x11B2,22,0x00000016,ROM,,
4532,0x11B4,16778472,0x010004E8,EEPROM,,
4533,0x11B5,8423876,0x008089C4,RAM,percent_gear_ratio_difference_used_to_detect_top_gear_and_gear_0_100,
4534,0x11B6,16778796,0x0100062C,EEPROM,,
4535,0x11B7,8445066,0x0080DC8A,RAM,,
4538,0x11BA,8422510,0x0080846E,RAM,fuel_delivery_lower_bound,
4539,0x11BB,8444762,0x0080DB5A,RAM,,
4540,0x11BC,8441070,0x0080CCEE,RAM,time_that_the_engine_is_not_in_stop_state_0_2_29,
4543,0x11BF,8409032,0x00804FC8,RAM,ivs_switch_status_when_throttle_validation_process_error_true_false,
4544,0x11C0,16779098,0x0100075A,EEPROM,,
4545,0x11C1,16779100,0x0100075C,EEPROM,current_number_of_j1708_j1922_time_outs_since_powerdown_or_0_1000,
4548,0x11C4,8421198,0x00807F4E,RAM,pmm_num_of_teeth_correct_tooth_count_at_missing_tooth_0_255,
4549,0x11C5,8442514,0x0080D292,RAM,tooth_count_at_which_error_was_found_by_pmm_0_255,EPSOOVFG
4552,0x11C8,8421268,0x00807F94,RAM,eps_count_at_wide_ci_expected_eps_tooth_count_at_wide_ci_fallin_0_24,
4553,0x11C9,8442558,0x0080D2BE,RAM,ci_tooth_count_number_of_eps_teeth_during_ci_pulse_0_24,
4554,0x11CA,8421018,0x00807E9A,RAM,main_consec_error_thresh_threshold_count_at_which_ess_is_lost_0_255,
4555,0x11CB,8441066,0x0080CCEA,RAM,eps_pulse_number_eps_tooth_counter_0_24,
4560,0x11D0,394702,0x000605CE,ROM,,
4561,0x11D1,394730,0x000605EA,ROM,,
4562,0x11D2,394738,0x000605F2,ROM,,
4564,0x11D4,8431908,0x0080A924,RAM,override_fueling_to_slave_fuel_selection_0_100,MSFNODFL
4565,0x11D5,8419930,0x00807A5A,RAM,afc_fueling_derate_value_when_afc_override_is_enabled_0_100,
4567,0x11D7,8444408,0x0080D9F8,RAM,,
4572,0x11DC,8442544,0x0080D2B0,RAM,timer_to_record_the_time_of_rpm_deceleration_rate_above_a_thre_0_100,
4573,0x11DD,8421220,0x00807F64,RAM,,
4574,0x11DE,16778266,0x0100041A,EEPROM,,
4577,0x11E1,8421250,0x00807F82,RAM,blank_spot_0_434_8,
4581,0x11E5,8423832,0x00808998,RAM,,
4582,0x11E6,8445026,0x0080DC62,RAM,value_which_designates_the_duty_cycle_requested_of_pwm1_0_100,
4583,0x11E7,8423822,0x0080898E,RAM,number_of_errors_to_be_detected_on_pwm1_driver_before_pwm1_error_0_255,
4585,0x11E9,8413182,0x00805FFE,RAM,commanded_enable_for_pwm1_enable_disable,
4586,0x11EA,8441010,0x0080CCB2,RAM,,
4587,0x11EB,8420820,0x00807DD4,RAM,calibratible_threshold_for_rifle_oil_pressure_for_engine_warmu_0_100,
4588,0x11EC,395292,0x0006081C,ROM,,
4589,0x11ED,395250,0x000607F2,ROM,,
4590,0x11EE,395354,0x0006085A,ROM,,
4591,0x11EF,395334,0x00060846,ROM,,
4606,0x11FE,8419384,0x00807838,RAM,index_of_first_tdc_after_missed_pulse_1_6,
4607,0x11FF,8430113,0x0080A221,RAM,next_injected_cylinder_FLCYCU,
4620,0x120C,8442706,0x0080D352,RAM,quantity_of_fuel_to_be_injected_during_next_injection_cycle_0_100,SCNWFNFL
4624,0x1210,8419922,0x00807A52,RAM,priority_of_accelerator_interlock_feature_w_r_to_other_throttle_fe_0_9,
4628,0x1214,8424018,0x00808A52,RAM,,
4629,0x1215,8445522,0x0080DE52,RAM,j1708_transmit_buffer_2_32_ddc6.reserved_126[14],
4630,0x1216,8413478,0x00806126,RAM,,
4631,0x1217,16778514,0x01000512,EEPROM,,
4632,0x1218,16778808,0x01000638,EEPROM,,
4633,0x1219,8424002,0x00808A42,RAM,minimum_elapsed_time_before_brake_switch_is_valid_to_avoid_coun_0_10,
4634,0x121A,8445508,0x0080DE44,RAM,,
4635,0x121B,8414416,0x008064D0,RAM,,
4637,0x121D,8421282,0x00807FA2,RAM,threshold_at_which_cam_sensor_no_longer_used_0_65535,
4638,0x121E,8442564,0x0080D2C4,RAM,dummy_variable_0_65535_d2c4,ESSW0001
4642,0x1222,16778814,0x0100063E,EEPROM,indicates_type_of_transmission_1_0,
4643,0x1223,8424082,0x00808A92,RAM,,
4644,0x1224,8445664,0x0080DEE0,RAM,,
4645,0x1225,8413788,0x0080625C,RAM,,
4647,0x1227,8444430,0x0080DA0E,RAM,,
4648,0x1228,397216,0x00060FA0,ROM,,
4650,0x122A,8422528,0x00808480,RAM,number_of_consecutive_occurances_of_powerdown_data_lost_to_set_1_255,
4651,0x122B,20470,0x00004FF6,ROM,,
4652,0x122C,8414534,0x00806546,RAM,,
4653,0x122D,8414532,0x00806544,RAM,,
4654,0x122E,8424140,0x00808ACC,RAM,,
4655,0x122F,8414538,0x0080654A,RAM,,
4656,0x1230,20650,0x000050AA,ROM,,
4657,0x1231,20714,0x000050EA,ROM,,
4659,0x1233,16778252,0x0100040C,EEPROM,,
4660,0x1234,8420702,0x00807D5E,RAM,user_inversion_bit_mask_for_the_ac_high_pressure_swit_invert_no_invert,
4661,0x1235,32768,0x00008000,ROM,,
4662,0x1236,32772,0x00008004,ROM,,
4663,0x1237,32840,0x00008048,ROM,,
4664,0x1238,32782,0x0000800E,ROM,,
4669,0x123D,8420356,0x00807C04,RAM,time_required_that_low_boost_cond_exist_before_birh_error_check_0_120,
4672,0x1240,8421214,0x00807F5E,RAM,obs_was_max_crank_sync_error_count_csercumx_0_200,
4673,0x1241,8442526,0x0080D29E,RAM,dummy_variable_0_65535_d29e,
4674,0x1242,398022,0x000612C6,ROM,,
4675,0x1243,398024,0x000612C8,ROM,,
4676,0x1244,398036,0x000612D4,ROM,,
4677,0x1245,398048,0x000612E0,ROM,,
4678,0x1246,8444738,0x0080DB42,RAM,interval_with_the_highest_weighted_percentage_of_the_threshold_used,
4679,0x1247,8412940,0x00805F0C,RAM,,
4680,0x1248,8412960,0x00805F20,RAM,,
4681,0x1249,8412968,0x00805F28,RAM,,
4682,0x124A,8413018,0x00805F5A,RAM,,
4683,0x124B,8422436,0x00808424,RAM,this_is_the_time_allowed_for_the_ocm_manual_reset_5_25,
4684,0x124C,8422438,0x00808426,RAM,,
4685,0x124D,8422450,0x00808432,RAM,,
4686,0x124E,8422480,0x00808450,RAM,,
4687,0x124F,16778732,0x010005EC,EEPROM,,
4688,0x1250,8444732,0x0080DB3C,RAM,,
4689,0x1251,8413730,0x00806222,RAM,,
4690,0x1252,8413738,0x0080622A,RAM,,
4691,0x1253,397226,0x00060FAA,ROM,,
4692,0x1254,16778308,0x01000444,EEPROM,,JCAKPZ
4698,0x125A,16778276,0x01000424,EEPROM,fpw_trim_to_adjust_for_mechanical_wear_per_cyl_15_15,
4699,0x125B,16778262,0x01000416,EEPROM,ESCS,ESCS
4700,0x125C,16778290,0x01000432,EEPROM,engineering_timing_advance_increment_value_60_60,
4701,0x125D,16778522,0x0100051A,EEPROM,,
4702,0x125E,16778272,0x01000420,EEPROM,engineering_torque_derate_fueling_override_0_100,
4703,0x125F,16778560,0x01000540,EEPROM,,
4704,0x1260,16777794,0x01000242,EEPROM,,APUOAP
4705,0x1261,16777810,0x01000252,EEPROM,,
4706,0x1262,16778294,0x01000436,EEPROM,max_engine_speed_when_no_derate_is_in_effect_hsg_brake_r_1400_4500,
4709,0x1265,8444972,0x0080DC2C,RAM,max_engine_speed_while_throttle_fueling_overrides_pto_fueling_0_4500,
4710,0x1266,16778494,0x010004FE,EEPROM,indicates_the_size_of_the_pto_throttle_override_trims_0_ffff,
4711,0x1267,16778436,0x010004C4,EEPROM,,
4712,0x1268,16778498,0x01000502,EEPROM,,
4716,0x126C,8424058,0x00808A7A,RAM,user_specified_number_of_engine_data_samples_taken_by_trending_f_0_100,
4717,0x126D,16781024,0x01000EE0,EEPROM,,
4718,0x126E,16781072,0x01000F10,EEPROM,,
4721,0x1271,8413376,0x008060C0,RAM,,
4722,0x1272,8413810,0x00806272,RAM,,
4724,0x1274,8432150,0x0080AA16,RAM,,SDDYFG
4727,0x1277,8420858,0x00807DFA,RAM,,
4728,0x1278,8420874,0x00807E0A,RAM,,
4729,0x1279,8420890,0x00807E1A,RAM,,
4730,0x127A,8420906,0x00807E2A,RAM,,
4731,0x127B,8420922,0x00807E3A,RAM,,
4732,0x127C,8420938,0x00807E4A,RAM,,
4733,0x127D,8420954,0x00807E5A,RAM,,
4734,0x127E,8420970,0x00807E6A,RAM,,
4735,0x127F,8420986,0x00807E7A,RAM,,
4736,0x1280,8421002,0x00807E8A,RAM,,
4737,0x1281,8422662,0x00808506,RAM,amount_added_to_hsg_governed_speed_to_equal_hsg_breakpoint_speed_0_50,
4738,0x1282,16777818,0x0100025A,EEPROM,datalogger_trigger_one_length_0_4,
4739,0x1283,16777882,0x0100029A,EEPROM,datalogger_data_one_length_0_10,
4740,0x1284,16777912,0x010002B8,EEPROM,,
4741,0x1285,8436420,0x0080BAC4,RAM,,
4742,0x1286,8409034,0x00804FCA,RAM,,
4743,0x1287,8409834,0x008052EA,RAM,,
4744,0x1288,8409850,0x008052FA,RAM,,
4747,0x128B,16778590,0x0100055E,EEPROM,,
4748,0x128C,8420726,0x00807D76,RAM,,
4750,0x128E,8437146,0x0080BD9A,RAM,manifold_temp_lookup_result_1,
4751,0x128F,8443408,0x0080D610,RAM,,
4752,0x1290,8421656,0x00808118,RAM,hsg_acceleration_rate_threshold_for_transient_conditions_0_2540,
4753,0x1291,16777290,0x0100004A,EEPROM,,
4754,0x1292,16777680,0x010001D0,EEPROM,descriptor_of_the_project_or_fuel_system_n_a,BSTALTEN
4757,0x1295,44074,0x0000AC2A,ROM,,
4759,0x1297,8420818,0x00807DD2,RAM,,
4769,0x12A1,8421204,0x00807F54,RAM,,
4770,0x12A2,8442518,0x0080D296,RAM,eps_main_in_phase_if_flase_eps_main_lags_backup_true_false,
4771,0x12A3,26,0x0000001A,ROM,,
4773,0x12A5,8429278,0x00809EDE,RAM,enable_for_the_executive_timing_data_gatherer_enabled_disabled,SSECTMEA
4775,0x12A7,8437018,0x0080BD1A,RAM,priority_of_client_currently_overriding_wait_to_start_lamp_00_ff,
4776,0x12A8,8437066,0x0080BD4A,RAM,,
4777,0x12A9,12,0x0000000C,ROM,,
4778,0x12AA,16778766,0x0100060E,EEPROM,,
4779,0x12AB,16777276,0x0100003C,EEPROM,,
4788,0x12B4,8444998,0x0080DC46,RAM,,
4789,0x12B5,8422534,0x00808486,RAM,load_descriminator_to_determine_lugback_0_100,
4790,0x12B6,16778736,0x010005F0,EEPROM,,
4791,0x12B7,16778740,0x010005F4,EEPROM,,
4794,0x12BA,8421182,0x00807F3E,RAM,intercept_fueling_between_lsg_ref_and_the_epf_curve_0_100,
4795,0x12BB,8442074,0x0080D0DA,RAM,state_flag_to_use_epf_s_rpm_breakpoints_for_j1939_0_ffff,
4797,0x12BD,8421392,0x00808010,RAM,,
4800,0x12C0,8419932,0x00807A5C,RAM,,
4801,0x12C1,8419966,0x00807A7E,RAM,,
4802,0x12C2,16778746,0x010005FA,EEPROM,,
4803,0x12C3,16778756,0x01000604,EEPROM,,
4804,0x12C4,8421996,0x0080826C,RAM,,
4805,0x12C5,8422024,0x00808288,RAM,,
4806,0x12C6,8422052,0x008082A4,RAM,,
4807,0x12C7,8422080,0x008082C0,RAM,,
4808,0x12C8,8422108,0x008082DC,RAM,,
4809,0x12C9,8422136,0x008082F8,RAM,,
4810,0x12CA,8420394,0x00807C2A,RAM,the_value_above_set_speed_where_e_brakes_will_turn_off_regard_0_5_10,
4811,0x12CB,8417804,0x0080720C,RAM,,
4812,0x12CC,8417822,0x0080721E,RAM,,
4813,0x12CD,394402,0x000604A2,ROM,,
4814,0x12CE,394420,0x000604B4,ROM,,
4815,0x12CF,16778574,0x0100054E,EEPROM,size_of_cc_engine_brake_adjustable_parameters_n_a,
4816,0x12D0,8431306,0x0080A6CA,RAM,priority_of_client_overriding_filtered_intake_manifold_temperatur_0_ff,
4817,0x12D1,8431356,0x0080A6FC,RAM,priority_of_client_overriding_raw_intake_manifold_temperature_0_ff,
4818,0x12D2,8431406,0x0080A72E,RAM,,
4819,0x12D3,8431456,0x0080A760,RAM,,
4820,0x12D4,8423574,0x00808896,RAM,,
4821,0x12D5,8422664,0x00808508,RAM,,
4822,0x12D6,8422682,0x0080851A,RAM,,
4823,0x12D7,8422834,0x008085B2,RAM,,
4824,0x12D8,8422868,0x008085D4,RAM,,
4825,0x12D9,8422902,0x008085F6,RAM,,
4826,0x12DA,8422936,0x00808618,RAM,,
4827,0x12DB,8422970,0x0080863A,RAM,,
4828,0x12DC,8423004,0x0080865C,RAM,,
4829,0x12DD,8423070,0x0080869E,RAM,,
4830,0x12DE,8423088,0x008086B0,RAM,,
4831,0x12DF,8423154,0x008086F2,RAM,,
4832,0x12E0,8445004,0x0080DC4C,RAM,,
4833,0x12E1,8421480,0x00808068,RAM,,
4834,0x12E2,8421508,0x00808084,RAM,,
4835,0x12E3,8421536,0x008080A0,RAM,,
4836,0x12E4,8421564,0x008080BC,RAM,,
4837,0x12E5,8421592,0x008080D8,RAM,,
4838,0x12E6,8421620,0x008080F4,RAM,,
4839,0x12E7,8423110,0x008086C6,RAM,,
4840,0x12E8,16778380,0x0100048C,EEPROM,,JCAXAIPZ
4842,0x12EA,16778298,0x0100043A,EEPROM,size_of_hsg_adjustable_parameters_0_100,
4847,0x12EF,8424080,0x00808A90,RAM,,
4854,0x12F6,16779050,0x0100072A,EEPROM,timer_to_track_time_elapsed_before_manual_fan_level_is_receiv_0_10,
4855,0x12F7,8443660,0x0080D70C,RAM,aps_error_flag_for_throttle_indicating_bad_data_not_logged_true_false,MXACDXER
4856,0x12F8,16778698,0x010005CA,EEPROM,signal_1_configuration_for_3_speed_fan_1_0_100,
4857,0x12F9,16778704,0x010005D0,EEPROM,signal_2_configuration_for_3_speed_fan_1_0_100,
4858,0x12FA,16778710,0x010005D6,EEPROM,signal_1_configuration_for_3_speed_fan_2_0_100,
4859,0x12FB,16778716,0x010005DC,EEPROM,signal_2_configuration_for_3_speed_fan_2_0_100,
4860,0x12FC,8420714,0x00807D6A,RAM,default_initialization_value_for_the_ac_pressure_turnkey_switch_on_off,
4861,0x12FD,16778410,0x010004AA,EEPROM,,
4862,0x12FE,8421720,0x00808158,RAM,,
4864,0x1300,8420734,0x00807D7E,RAM,time_abuse_event_must_be_continuously_present_before_it_will_b_0_100,
4865,0x1301,8413628,0x008061BC,RAM,time_engine_operated_under_severity_level_1_for_blowbyp_0_320000000,
4866,0x1302,16778622,0x0100057E,EEPROM,number_of_bytes_worth_of_engineering_trims_none,
4894,0x131E,16778430,0x010004BE,EEPROM,size_of_lsg_adjustable_parameters_0_100,
4897,0x1321,8417840,0x00807230,RAM,,
4898,0x1322,8425950,0x008091DE,RAM,rpm_control_override_flag,
4899,0x1323,8417858,0x00807242,RAM,,
4900,0x1324,8417876,0x00807254,RAM,,
4901,0x1325,8417896,0x00807268,RAM,,
4902,0x1326,8420044,0x00807ACC,RAM,,ASMNAJEN
4903,0x1327,8420056,0x00807AD8,RAM,,
4904,0x1328,8445488,0x0080DE30,RAM,j1708_transmit_buffer_2_32_ddc6.count_106,
4905,0x1329,8412936,0x00805F08,RAM,,
4992,0x1380,8420068,0x00807AE4,RAM,,
4993,0x1381,8420096,0x00807B00,RAM,,
4994,0x1382,8420124,0x00807B1C,RAM,,
4995,0x1383,8420152,0x00807B38,RAM,,
4996,0x1384,8420180,0x00807B54,RAM,,
4997,0x1385,8420208,0x00807B70,RAM,,
4999,0x1387,16777800,0x01000248,EEPROM,size_of_asg_adjustable_parameters_0_100,
5003,0x138B,397774,0x000611CE,ROM,,
5033,0x13A9,20328,0x00004F68,ROM,,
5034,0x13AA,8421702,0x00808146,RAM,,
5035,0x13AB,8443402,0x0080D60A,RAM,,
5036,0x13AC,8423600,0x008088B0,RAM,,
5037,0x13AD,8423628,0x008088CC,RAM,,
5038,0x13AE,8423656,0x008088E8,RAM,,
5039,0x13AF,8423684,0x00808904,RAM,,
5040,0x13B0,8423712,0x00808920,RAM,,
5041,0x13B1,8423740,0x0080893C,RAM,,
5042,0x13B2,8423768,0x00808958,RAM,,
5043,0x13B3,8423790,0x0080896E,RAM,,
5044,0x13B4,8421648,0x00808110,RAM,filter_coefficient_1_from_hsg_lead_lag_dynamic_compensator_0_1,
5072,0x13D0,394548,0x00060534,ROM,,
5073,0x13D1,394558,0x0006053E,ROM,,
5074,0x13D2,394568,0x00060548,ROM,,
5075,0x13D3,394578,0x00060552,ROM,,
5076,0x13D4,394588,0x0006055C,ROM,,
5077,0x13D5,394598,0x00060566,ROM,,
5078,0x13D6,394538,0x0006052A,ROM,,
5080,0x13D8,8421886,0x008081FE,RAM,total_number_of_engine_brake_output_drivers_at_the_ecm_0_255,JCGRRATO
5081,0x13D9,8444572,0x0080DA9C,RAM,,
5103,0x13EF,8421900,0x0080820C,RAM,,JCDDHDCO
5121,0x1401,8419808,0x008079E0,RAM,,
5130,0x140A,8424132,0x00808AC4,RAM,,
5134,0x140E,8422214,0x00808346,RAM,,
5191,0x1447,8422258,0x00808372,RAM,,
5216,0x1460,8422268,0x0080837C,RAM,,
5217,0x1461,8444698,0x0080DB1A,RAM,max_torque_at_current_rpm_in_foot_pounds_0_10000,
5240,0x1478,8444428,0x0080DA0C,RAM,,
32776,0x8008,8416674,0x00806DA2,RAM,,
32777,0x8009,8416718,0x00806DCE,RAM,(null),
32778,0x800A,8416762,0x00806DFA,RAM,,
32779,0x800B,8416780,0x00806E0C,RAM,,
32780,0x800C,8417106,0x00806F52,RAM,,
32781,0x800D,8417112,0x00806F58,RAM,(null),
32782,0x800E,8417166,0x00806F8E,RAM,,
32783,0x800F,8417204,0x00806FB4,RAM,(null),
32784,0x8010,8417278,0x00806FFE,RAM,,
32785,0x8011,8417286,0x00807006,RAM,(null),
32786,0x8012,8418518,0x008074D6,RAM,,
32787,0x8013,8418550,0x008074F6,RAM,,
32788,0x8014,8418582,0x00807516,RAM,,
32789,0x8015,8419032,0x008076D8,RAM,,
32790,0x8016,8419058,0x008076F2,RAM,,
32791,0x8017,8419084,0x0080770C,RAM,,
32792,0x8018,8419372,0x0080782C,RAM,added_to_final_fuel_command_for_cylinder_1_300_to_300,
32793,0x8019,8418334,0x0080741E,RAM,debounce_counts_for_vp44_micro_error_0_to_255,
32794,0x801A,8429938,0x0080A172,RAM,fuel_limit_from_pump_analog_error_algorithm_0_to_300,
32797,0x801D,8418322,0x00807412,RAM,lift_pump_run_time_after_key_on_0_to_120,
32798,0x801E,8416804,0x00806E24,RAM,(null),
32799,0x801F,8416798,0x00806E1E,RAM,,
32800,0x8020,8416976,0x00806ED0,RAM,,
32801,0x8021,8416958,0x00806EBE,RAM,,
32802,0x8022,8417000,0x00806EE8,RAM,,
32803,0x8023,8416994,0x00806EE2,RAM,,
32804,0x8024,8417012,0x00806EF4,RAM,(null),
32805,0x8025,8417006,0x00806EEE,RAM,,
32806,0x8026,8417260,0x00806FEC,RAM,(null),
32807,0x8027,8417242,0x00806FDA,RAM,,
32808,0x8028,8417124,0x00806F64,RAM,(null),
32809,0x8029,8417118,0x00806F5E,RAM,,
32810,0x802A,8417136,0x00806F70,RAM,(null),
32811,0x802B,8417130,0x00806F6A,RAM,,
32812,0x802C,8417148,0x00806F7C,RAM,(null),
32813,0x802D,8417142,0x00806F76,RAM,,
32814,0x802E,8417160,0x00806F88,RAM,(null),
32815,0x802F,8417154,0x00806F82,RAM,,
32816,0x8030,8417300,0x00807014,RAM,(null),
32817,0x8031,8417294,0x0080700E,RAM,,
32818,0x8032,8417312,0x00807020,RAM,(null),
32819,0x8033,8417306,0x0080701A,RAM,,
32820,0x8034,8417324,0x0080702C,RAM,(null),
32821,0x8035,8417318,0x00807026,RAM,,
32822,0x8036,8419394,0x00807842,RAM,watchdog_fueling_debounce_counts_0_to_255,
32823,0x8037,8430162,0x0080A252,RAM,,
33152,0x8180,8419810,0x008079E2,RAM,the_transmission_pwm_scaling_from_load_to_duty_cycle_2_2,
33153,0x8181,8430194,0x0080A272,RAM,,DRTXLD
33154,0x8182,16778826,0x0100064A,EEPROM,,
33162,0x818A,8419838,0x008079FE,RAM,hysteresis_duration_on_ac_compressor_clutch_0_3600,
33163,0x818B,8430206,0x0080A27E,RAM,command_to_a_c_compressor_clutch_solenoid_on_off,ACCHEA
33164,0x818C,8419868,0x00807A1C,RAM,1st_order_filter_coeff_for_limited_veh_accel_0_1,
33165,0x818D,8430216,0x0080A288,RAM,filtered_vehicle_acceleration_1200_1200,
33166,0x818E,8430190,0x0080A26E,RAM,output_of_the_misfire_timing_limit_table_60_to_60,BSTAMNLM
33167,0x818F,8419642,0x0080793A,RAM,,
33168,0x8190,8419652,0x00807944,RAM,,
33169,0x8191,8419662,0x0080794E,RAM,,
33183,0x819F,8419848,0x00807A08,RAM,,
33184,0x81A0,8430212,0x0080A284,RAM,duty_cycle_requested_for_pwm_cool_temp_gauge_driver_0_100,
33185,0x81A1,8417924,0x00807284,RAM,,CRMXSWDB
33197,0x81AD,8419404,0x0080784C,RAM,,
33198,0x81AE,8419430,0x00807866,RAM,,
33199,0x81AF,8419456,0x00807880,RAM,,
33200,0x81B0,8419482,0x0080789A,RAM,,
33201,0x81B1,8419498,0x008078AA,RAM,,
33202,0x81B2,8419508,0x008078B4,RAM,,
33203,0x81B3,8419564,0x008078EC,RAM,,
33204,0x81B4,8419590,0x00807906,RAM,,
33205,0x81B5,8419616,0x00807920,RAM,,
33206,0x81B6,8419628,0x0080792C,RAM,,
33207,0x81B7,8408988,0x00804F9C,RAM,,
33208,0x81B8,8430166,0x0080A256,RAM,,
33209,0x81B9,8430182,0x0080A266,RAM,,
33210,0x81BA,8419640,0x00807938,RAM,,
33226,0x81CA,8419712,0x00807980,RAM,,
33227,0x81CB,8419832,0x008079F8,RAM,,
33239,0x81D7,8429278,0x00809EDE,RAM,enable_for_the_executive_timing_data_gatherer_enabled_disabled,SSECTMEA
33250,0x81E2,8430186,0x0080A26A,RAM,pre_processed_imt_for_epf_due_to_exhaust_brake_on_50_to_293,
33251,0x81E3,8418320,0x00807410,RAM,time_period_to_disable_imt_epf_due_to_exh_brake_0_65535,
33256,0x81E8,8419694,0x0080796E,RAM,delay_time_before_setting_oil_pressure_high_postprocessed_error_0_600,
33257,0x81E9,8419696,0x00807970,RAM,,
33258,0x81EA,8419704,0x00807978,RAM,,
33262,0x81EE,397898,0x0006124A,ROM,,
33263,0x81EF,397918,0x0006125E,ROM,,
33264,0x81F0,397930,0x0006126A,ROM,,
33265,0x81F1,8417928,0x00807288,RAM,,CRDBMXES
33266,0x81F2,8425958,0x008091E6,RAM,coolant_level_low_switch_used_as_an_input_source_by_t_1_true_0_false,
33267,0x81F3,8417916,0x0080727C,RAM,battery_voltage_low_threshold_during_crank_in_count_0_1023,
33273,0x81F9,8419400,0x00807848,RAM,default_value_for_vp44_fuel_temperature_when_sensor_is_fail_40_to_300,
33274,0x81FA,8430164,0x0080A254,RAM,,
33316,0x8224,8425952,0x008091E0,RAM,request_to_strobe_set_0_then_set_1_fso_driver_0_1,
33318,0x8226,8418036,0x008072F4,RAM,,
33319,0x8227,8418070,0x00807316,RAM,,
33320,0x8228,8418104,0x00807338,RAM,,
33321,0x8229,8418110,0x0080733E,RAM,,
33322,0x822A,8418116,0x00807344,RAM,,
33323,0x822B,8418124,0x0080734C,RAM,,
33324,0x822C,8418130,0x00807352,RAM,,
33325,0x822D,8418136,0x00807358,RAM,,
33326,0x822E,8418144,0x00807360,RAM,,
33327,0x822F,8418160,0x00807370,RAM,,
33328,0x8230,8418176,0x00807380,RAM,,
33329,0x8231,8418190,0x0080738E,RAM,,
33330,0x8232,8418204,0x0080739C,RAM,,
33331,0x8233,8418218,0x008073AA,RAM,,
33334,0x8236,8418232,0x008073B8,RAM,,
33335,0x8237,8418256,0x008073D0,RAM,,
33336,0x8238,8418280,0x008073E8,RAM,,
33337,0x8239,8418290,0x008073F2,RAM,,
33338,0x823A,8418300,0x008073FC,RAM,,
33339,0x823B,8418310,0x00807406,RAM,,
33340,0x823C,8417932,0x0080728C,RAM,,CREADBCU
33341,0x823D,8425960,0x008091E8,RAM,,
33342,0x823E,8429214,0x00809E9E,RAM,,
33343,0x823F,8429246,0x00809EBE,RAM,,
33345,0x8241,16778830,0x0100064E,EEPROM,,
33381,0x8265,60442,0x0000EC1A,ROM,software_build_date_time_0_4294967296,
