address,name
0x00000100,reset_vector
0x00000184,keyOnStateMachine
0x00000340,copyCalibrationToRam
0x00000bec,eepromWriteWords
0x00000d88,eepromReadWords
0x00001840,diagService25_executeFunction
0x0000191c,initService25Handler
0x00001948,registerPgnResponseHandler
0x0000198c,initDataBasedDiagServices
0x000019e8,diagService65_handler
0x00001b48,diagMemoryReadHandler
0x00001cf8,diagMemoryReadWithBaseOffset
0x00001d5c,diagService67_memoryReadOffset
0x00001dc4,diagService74_memoryRead
0x00001e30,diagService76_memoryReadExt
0x00001e94,initDiagResponseHandlers
0x00001ef8,diagSendResponseCode
0x00001fa4,processDiagnosticCommands
0x000021d0,initDiagnosticSession
0x000024a0,waitForBusStable
0x00002504,systemInitialization
0x00002694,hardwareInitialization
0x00002970,initCanController
0x00002c94,registerDiagnosticService
0x00004eec,can2MailboxTransmitCompleteWrapper
0x00004f0c,can2MailboxTransmitRangeWrapper
0x00004f2c,writeCan2ControllerTxMailbox
0x00004f6c,can2TransmitInterruptHandler
0x0000b44c,keyOnStatusMonitor
0x0000b76c,phase_common_processing
0x0000b7b4,phase_group_a_processing
0x0000b854,phase_group_b_processing
0x0000b8fc,periodicTaskGroup0_fuelFinal
0x0000b98c,periodicTaskGroup1_sensorProcessing
0x0000ba08,periodicTaskGroup2_controlLoop
0x0000ba90,periodicTaskGroup3_auxiliaryControl
0x0000bec8,schedulerPhaseDispatcher
0x0000c0a0,main_loop
0x0000dc64,oilPressureDeltaCalculation
0x0000e78c,temperatureBasedFuelTrim
0x0000e8f0,fuelTimingCompensation
0x00010274,timerInterruptHandler
0x00010694,fatalErrorHalt
0x000128a0,throttleBasedFuelCalculation
0x00012a58,initFilterCoefficients
0x00012ad4,boostBasedFuelModifier
0x00012cf4,loadBasedFuelAdjustment
0x00012dc4,fuelDemandWithLoadCompensation
0x00012e40,initFilterTablePointers
0x00012e60,fuelControlMainCalculation
0x00012e88,initFuelControlFilterSystem
0x00012eb4,fuelDemandErrorCalculation
0x00012f60,fuelDemandBlendCalculation
0x0001702c,fuelDemandBaseCalculation
0x00017150,fuelDemandModeSelector
0x000172b0,fuelDemandEnableChecker
0x000172e8,fuelDemandRateLimiterStateMachine
0x000173a8,fuelDemandOverrideHandler
0x00017560,fuelDemandSmoothingController
0x0001782c,fuelDemandFinalCalculation
0x00017980,fuelDemandCoordinator
0x0001c9a0,faultTimeoutHandler
0x0001cb94,clearFaultFromActiveList
0x0001cd1c,scanAndProcessActiveFaults
0x0001cdc0,faultCodeLookup
0x0001dee0,resetFaultStatus
0x00022674,j1939_handle_pgn_65228_dm3_clear_diag
0x00022770,initPgn65228Dm3Handler
0x00022d60,j1939MessageDispatcher
0x00023188,j1939_register_pgn_handler
0x000232b4,initJ1939ProtocolHandlers
0x00023e8c,j1939_handle_pgn_65269_ambient_conditions
0x00024178,j1939_handle_pgn_65265_cruise_vehicle_speed
0x00024664,initPgn65265CruiseSpeedHandler
0x000246fc,j1939_handle_pgn_65261_engine_hours
0x00024870,j1939_handle_pgn_65259_component_id
0x00024940,initPgn65259ComponentIdHandler
0x00024b28,j1939_handle_pgn_65234_dm11_clear_active
0x00024b64,initPgn65234Dm11Handler
0x00024be8,j1939_handle_pgn_65226_dm1_active_dtc
0x00024dd8,initPgn65226Dm1Handler
0x00024e78,j1939_handle_pgn_65227_dm2_previous_dtc
0x00025000,initPgn65227Dm2Handler
0x00025094,initPgn65229Dm4Handler
0x00025390,j1939_handle_pgn_65229_dm4_freeze_frame
0x00025458,j1939_handle_pgn_65230_dm5_readiness
0x0002553c,initPgn65230Dm5Handler
0x00025b10,j1939_handle_pgn_61443_eec2
0x00025d60,initPgn61443Eec2Handler
0x00025eb4,j1939_handle_pgn_65263_fluid_level_pressure
0x00026024,j1939_handle_pgn_65262_engine_temp
0x0002619c,initPgn65262EngineTempHandler
0x000264d8,j1939_handle_pgn_65270_fuel_economy
0x00026884,j1939_handle_pgn_65242_software_id
0x000268ac,initPgn65242SoftwareIdHandler
0x000269f4,j1939_handle_pgn_65504_proprietary_a
0x00026bb0,j1939_handle_pgn_65248_vehicle_distance
0x00026c6c,initPgn65248VehicleDistanceHandler
0x00026cf0,j1939_handle_pgn_65271_vehicle_electrical
0x00026db4,j1939_handle_pgn_65260_vehicle_id
0x00026ddc,initPgn65260VehicleIdHandler
0x0002bd58,j1939_handle_pgn_65264_pto
0x0002f860,protectionNormalHandler
0x0002f920,protectionOverloadHandler
0x0002fe48,protectionCleanupHandler
0x0003004c,protectionShutdownHandler
0x00030194,protectionOutputController
0x00030ad4,protectionFinalizeState
0x00031320,protectionFuelDemandCheck
0x0003148c,protectionTimeoutHandler
0x00031584,protectionWarmupHandler
0x000316cc,protectionStatusFlagHandler
0x00031d98,protectionStateTransitionCheck
0x000320e0,protectionScaledLimitCalculation
0x00032250,protectionRateOfChangeCalculation
0x00032b00,protectionThresholdMonitor
0x00032efc,protectionStateMachine
0x000331cc,initProtectionFilterVariables
0x0004f000,triggerProtectionEvent
0x000535e8,processJ1939TxBufferSend
0x00053720,queueCanReceiveMessage
0x00053858,sendJ1939SingleFrame
0x000539fc,sendJ1939MultiFrame
0x00053a4c,lookupJ1939SourceAddressIndex
0x00053aa8,handleCanMailboxTransmitComplete
0x00053ae0,handleCanMailboxTransmitRange
0x00053b28,writeCanControllerTxMailbox
0x00053b68,canTransmitInterruptHandler
0x00053c68,findJ1939MessageEntry
0x00055ef4,lookupTableInterpolation
0x00056184,extendedDivisionWithRemainder
0x00056260,signedDivisionWithSaturation
0x000562fc,clampedDivisionWithBounds
0x000563e8,saturatingDivision16
0x0005644c,signedFirstOrderFilter
0x000564c0,secondOrderFilter
0x00056594,exponentialMovingAverage
0x000566cc,dualAxisTableInterpolation
0x00056c80,ringBufferWriteByte
0x00056d38,ringBufferInit
0x00056d58,memcpyBytes
0x00056d88,delayMicroseconds
0x00056e0c,delayMicroseconds2
0x00056e90,unsignedDivision64by32
0x000570f0,signedDivision32
0x000571b0,unsignedDivision32
