address,name,type,comment
0x000059b4,switchD,,
0x000059b8,caseD_0,,
0x000059bc,caseD_1,,
0x000059c0,caseD_2,,
0x000059c4,caseD_3,,
0x000059c8,caseD_4,,
0x000059cc,caseD_5,,
0x000059d0,caseD_6,,
0x000059d4,caseD_7,,
0x000059d8,caseD_8,,
0x000059dc,caseD_9,,
0x000059e0,caseD_a,,
0x000059e4,caseD_b,,
0x000059e8,caseD_c,,
0x000059ec,caseD_d,,
0x000059f0,caseD_e,,
0x000059f4,caseD_f,,
0x000059f8,caseD_10,,
0x000059fc,caseD_11,,
0x00005a00,caseD_12,,
0x00005a04,caseD_13,,
0x00005a08,caseD_14,,
0x00005a0c,caseD_15,,
0x00005a10,caseD_16,,
0x00005a14,caseD_17,,
0x00005a18,caseD_18,,
0x00005a1c,caseD_19,,
0x00005a50,default,,
0x00007f7b,PTR_FUN_00007f7b,pointer,
0x00007f80,PTR_FUN_00007f80,pointer,
0x00008104,PTR_DAT_00008104,pointer,
0x0000810e,PTR_FUN_0000810e,pointer,
0x0000811a,PTR_DAT_0000811a,pointer,
0x0000b756,PTR_DAT_0000b756,pointer,
0x0000b75a,PTR_DAT_0000b75a,pointer,
0x0000c194,switchD,,
0x0000c198,caseD_0,,
0x0000c19c,caseD_1,,
0x0000c1a0,caseD_2,,
0x0000c1a4,caseD_3,,
0x0000c1a8,caseD_4,,
0x0000c1ac,caseD_5,,
0x0000c1b0,caseD_6,,
0x0000c1b4,caseD_7,,
0x0000c1b8,caseD_8,,
0x0000c1bc,caseD_9,,
0x0000c1c0,caseD_a,,
0x0000c1c4,caseD_b,,
0x0000c1c8,caseD_c,,
0x0000c1cc,caseD_d,,
0x0000c1d0,caseD_e,,
0x0000c1d4,caseD_f,,
0x0000c1d8,caseD_10,,
0x0000c1dc,caseD_11,,
0x0000c1e0,caseD_12,,
0x0000c1e4,caseD_13,,
0x0000c1e8,caseD_14,,
0x0000c1ec,caseD_15,,
0x0000c1f0,caseD_16,,
0x0000c1f4,caseD_17,,
0x0000c1f8,caseD_18,,
0x0000c1fc,caseD_19,,
0x0000c200,caseD_1a,,
0x0000c204,caseD_1b,,
0x0000c208,caseD_1c,,
0x0000c20c,caseD_1d,,
0x0000c210,caseD_1e,,
0x0000c214,caseD_1f,,
0x0000c218,caseD_20,,
0x0000c21c,caseD_21,,
0x0000c220,caseD_22,,
0x0000c224,caseD_23,,
0x0000c228,caseD_24,,
0x0000c22c,caseD_25,,
0x0000c230,caseD_26,,
0x0000c234,caseD_27,,
0x0000c7a8,default,,
0x0001c4ac,switchD,,
0x0001c4b0,caseD_0,,
0x0001c4b4,caseD_1,,
0x0001c4b8,caseD_2,,
0x0001c4bc,caseD_3,,
0x0001c4c0,caseD_4,,
0x0001c4c4,caseD_5,,
0x0001c4c8,caseD_6,,
0x0001c4cc,caseD_7,,
0x0001c4d0,caseD_8,,
0x0001c8b0,default,,
0x00020e3c,switchD,,
0x00020e40,caseD_0,,
0x00020e44,caseD_1,,
0x00020e48,caseD_2,,
0x00020e4c,caseD_3,,
0x00020e50,caseD_4,,
0x00020e54,caseD_5,,
0x00020e58,caseD_6,,
0x00020e5c,caseD_7,,
0x000210d8,default,,
0x00022c86,PTR_DAT_00022c86,pointer,
0x00025950,switchD,,
0x00025954,caseD_0,,
0x00025958,caseD_1,,
0x0002595c,caseD_2,,
0x00025960,caseD_3,,
0x00025964,caseD_4,,
0x00025968,caseD_5,,
0x0002596c,caseD_6,,
0x00025970,caseD_7,,
0x00025974,caseD_8,,
0x00025978,caseD_9,,
0x0002597c,caseD_a,,
0x00025980,caseD_b,,
0x00025984,caseD_c,,
0x00025988,caseD_d,,
0x0002598c,caseD_e,,
0x00025990,caseD_f,,
0x00025994,caseD_10,,
0x00025998,caseD_11,,
0x0002599c,caseD_12,,
0x000259a0,caseD_13,,
0x000259a4,caseD_14,,
0x000259a8,caseD_15,,
0x000259ac,caseD_16,,
0x000259b0,caseD_17,,
0x000259b4,caseD_18,,
0x000259b8,caseD_19,,
0x000259bc,caseD_1a,,
0x000259c0,caseD_1b,,
0x000259c4,caseD_1c,,
0x000259c8,caseD_1d,,
0x000259cc,caseD_1e,,
0x000259d0,caseD_1f,,
0x000259d4,caseD_20,,
0x000259d8,caseD_21,,
0x000259dc,caseD_22,,
0x000259e0,caseD_23,,
0x000259e4,caseD_24,,
0x000259e8,caseD_25,,
0x00025a24,default,,
0x0003a2c8,switchD,,
0x0003a2cc,caseD_0,,
0x0003a2d0,caseD_1,,
0x0003a2d4,caseD_2,,
0x0003a2d8,caseD_3,,
0x0003a2dc,caseD_4,,
0x0003a2e0,caseD_5,,
0x0003a2e4,caseD_6,,
0x0003a2e8,caseD_7,,
0x0003a348,default,,
0x0003bb84,switchD,,
0x0003bb88,caseD_0,,
0x0003bb8c,caseD_1,,
0x0003bb90,caseD_2,,
0x0003bb94,caseD_3,,
0x0003bb98,caseD_4,,
0x0003bb9c,caseD_5,,
0x0003bba0,caseD_6,,
0x0003bba4,caseD_7,,
0x0003bce4,default,,
0x000409f0,switchD,,
0x000409f4,caseD_0,,
0x000409f8,caseD_1,,
0x000409fc,caseD_2,,
0x00040a00,caseD_3,,
0x00040a04,caseD_4,,
0x00040a08,caseD_5,,
0x00040a0c,caseD_6,,
0x00040a10,caseD_7,,
0x00040a14,caseD_8,,
0x00040bbc,default,,
0x0004bb40,switchD,,
0x0004bb44,caseD_0,,
0x0004bb48,caseD_1,,
0x0004bb4c,caseD_2,,
0x0004bb50,caseD_3,,
0x0004bb54,caseD_4,,
0x0004bb58,caseD_5,,
0x0004bb5c,caseD_6,,
0x0004bb60,caseD_7,,
0x0004bb64,caseD_8,,
0x0004bc28,switchD,,
0x0004bc2c,caseD_0,,
0x0004bc30,caseD_1,,
0x0004bc34,caseD_2,,
0x0004bc38,caseD_3,,
0x0004bc3c,caseD_4,,
0x0004bc40,caseD_5,,
0x0004bc44,caseD_6,,
0x0004bc48,caseD_7,,
0x0004bc4c,caseD_8,,
0x0004bcb0,default,,
0x0004bcb4,default,,
0x0004f4a8,switchD,,
0x0004f4ac,caseD_78,,
0x0004f4b0,caseD_79,,
0x0004f4b4,caseD_7a,,
0x0004f4b8,caseD_7b,,
0x0004f4bc,caseD_7c,,
0x0004f4c0,caseD_7d,,
0x0004f4c4,caseD_7e,,
0x0004f4c8,caseD_7f,,
0x0004f4cc,caseD_80,,
0x0004f638,default,,
0x0004fae0,switchD,,
0x0004fae4,caseD_58,,
0x0004fae8,caseD_59,,
0x0004faec,caseD_5a,,
0x0004faf0,caseD_5b,,
0x0004faf4,caseD_5c,,
0x0004faf8,caseD_5d,,
0x0004fafc,caseD_5e,,
0x0004fb00,caseD_5f,,
0x0004fb04,caseD_60,,
0x0004fb08,caseD_61,,
0x0004fb0c,caseD_62,,
0x0004fb10,caseD_63,,
0x0004fb14,caseD_64,,
0x0004fb18,caseD_65,,
0x0004fb1c,caseD_66,,
0x0004fb20,caseD_67,,
0x0004fb24,caseD_68,,
0x0004fb28,caseD_69,,
0x0004fb2c,caseD_6a,,
0x0004fb30,caseD_6b,,
0x0004fb34,caseD_6c,,
0x0004fb38,caseD_6d,,
0x0004fb3c,caseD_6e,,
0x0004fb40,caseD_6f,,
0x0004fb44,caseD_70,,
0x0004fb48,caseD_71,,
0x0004fb4c,caseD_72,,
0x0004fb50,caseD_73,,
0x0004fb54,caseD_74,,
0x0004fb58,caseD_75,,
0x0004fb5c,caseD_76,,
0x0004fb60,caseD_77,,
0x0004fb64,caseD_78,,
0x0004fb68,caseD_79,,
0x0004fb6c,caseD_7a,,
0x0004fb70,caseD_7b,,
0x0004fb74,caseD_7c,,
0x0004fb78,caseD_7d,,
0x0004fb7c,caseD_7e,,
0x0004fb80,caseD_7f,,
0x0004fb84,caseD_80,,
0x0004fb88,caseD_81,,
0x0004fb8c,caseD_82,,
0x0004fb90,caseD_83,,
0x0004fb94,caseD_84,,
0x0004fb98,caseD_85,,
0x0004fb9c,caseD_86,,
0x0004fba0,caseD_87,,
0x0004fba4,caseD_88,,
0x0004fba8,caseD_89,,
0x00050f6c,default,,
0x00051448,switchD,,
0x0005144c,caseD_58,,
0x00051450,caseD_59,,
0x00051454,caseD_5a,,
0x00051458,caseD_5b,,
0x0005145c,caseD_5c,,
0x00051460,caseD_5d,,
0x00051464,caseD_5e,,
0x00051468,caseD_5f,,
0x0005146c,caseD_60,,
0x00051470,caseD_61,,
0x00051474,caseD_62,,
0x00051478,caseD_63,,
0x0005147c,caseD_64,,
0x00051480,caseD_65,,
0x00051484,caseD_66,,
0x00051488,caseD_67,,
0x0005148c,caseD_68,,
0x00051490,caseD_69,,
0x00051494,caseD_6a,,
0x00051498,caseD_6b,,
0x0005149c,caseD_6c,,
0x000514a0,caseD_6d,,
0x000514a4,caseD_6e,,
0x000514a8,caseD_6f,,
0x000514ac,caseD_70,,
0x000514b0,caseD_71,,
0x000514b4,caseD_72,,
0x000514b8,caseD_73,,
0x000514bc,caseD_74,,
0x000514c0,caseD_75,,
0x000514c4,caseD_76,,
0x000514c8,caseD_77,,
0x000514cc,caseD_78,,
0x000514d0,caseD_79,,
0x000514d4,caseD_7a,,
0x000514d8,caseD_7b,,
0x000514dc,caseD_7c,,
0x000514e0,caseD_7d,,
0x000514e4,caseD_7e,,
0x000514e8,caseD_7f,,
0x000514ec,caseD_80,,
0x000514f0,caseD_81,,
0x000514f4,caseD_82,,
0x000514f8,caseD_83,,
0x000514fc,caseD_84,,
0x00051500,caseD_85,,
0x00051504,caseD_86,,
0x00051508,caseD_87,,
0x0005150c,caseD_88,,
0x00051510,caseD_89,,
0x000528e4,default,,
0x000575bc,PTR_DAT_000575bc,pointer,
0x0005762e,PTR_DAT_0005762e,pointer,
0x00057632,PTR_DAT_00057632,pointer,
0x0005763a,PTR_DAT_0005763a,pointer,
0x0005764a,PTR_DAT_0005764a,pointer,
0x0005764e,PTR_DAT_0005764e,pointer,
0x00057730,PTR_LAB_00057730,undefined *,
0x00057753,PTR_DAT_00057753,pointer,
0x0005775f,PTR_DAT_0005775f,pointer,
0x000578f7,PTR_DAT_000578f7,pointer,
0x00057903,PTR_DAT_00057903,pointer,
0x000582da,PTR_FUN_000582da,pointer,
0x000582de,PTR_FUN_000582de,pointer,
0x000583ae,PTR_FUN_000583ae,pointer,
0x000583ee,PTR_FUN_000583ee,pointer,
0x0005b16e,u__0005b16e,,
0x003f997c,SUB_003f997c,,
0x003f9af0,SUB_003f9af0,,
0x003f9b40,SUB_003f9b40,,
0x003fa2f0,SUB_003fa2f0,undefined,
0x003fa5a0,SUB_003fa5a0,undefined,
0x003fab3c,SUB_003fab3c,undefined,
0x003fae3c,SUB_003fae3c,undefined,
0x003fb528,SUB_003fb528,undefined,
0x003fb54c,SUB_003fb54c,undefined,
0x003fc094,SUB_003fc094,undefined,
0x003fc0d8,SUB_003fc0d8,undefined,
0x003fc380,SUB_003fc380,undefined,
0x003fc484,SUB_003fc484,undefined,
0x003fc580,SUB_003fc580,undefined,
0x003fc62c,SUB_003fc62c,undefined,
0x003fc688,SUB_003fc688,undefined,
0x003fc6f4,SUB_003fc6f4,undefined,
0x003fc77c,SUB_003fc77c,undefined,
0x003fc874,SUB_003fc874,undefined,
0x003fc9ec,SUB_003fc9ec,undefined,
0x003fca7c,SUB_003fca7c,undefined,
0x003fcb24,SUB_003fcb24,undefined,
0x003fd070,SUB_003fd070,undefined,
0x003fd1ac,SUB_003fd1ac,undefined,
0x003fd1d8,SUB_003fd1d8,undefined,
0x003fd284,SUB_003fd284,undefined,
0x003fd298,SUB_003fd298,undefined,
0x003fd544,SUB_003fd544,undefined,
0x003fd6d8,SUB_003fd6d8,undefined,
0x003fd994,SUB_003fd994,undefined,
0x00500004,SUB_00500004,,
0x00500090,SUB_00500090,,
0x0050011c,SUB_0050011c,,
0x005001a8,SUB_005001a8,,
0x00500234,SUB_00500234,,
0x00500a4c,SUB_00500a4c,,
0x005011c4,SUB_005011c4,,
0x00501250,SUB_00501250,,
0x005012dc,SUB_005012dc,,
0x00501b4c,SUB_00501b4c,,
0x005022cc,SUB_005022cc,,
0x0050241c,SUB_0050241c,,
0x00502464,SUB_00502464,,
0x00502af4,SUB_00502af4,,
0x00502b24,SUB_00502b24,,
0x00502b34,SUB_00502b34,,
0x00502b6c,SUB_00502b6c,,
0x00502eb8,SUB_00502eb8,,
0x00503074,SUB_00503074,,
0x005031b4,SUB_005031b4,,
0x00503604,SUB_00503604,,
0x0050370c,SUB_0050370c,,
0x00503964,SUB_00503964,,
0x0050398c,SUB_0050398c,,
0x005039b4,SUB_005039b4,,
0x00503b54,SUB_00503b54,,
0x00504130,SUB_00504130,,
0x00504754,SUB_00504754,,
0x00504938,SUB_00504938,,
0x00504948,SUB_00504948,,
0x005053d0,SUB_005053d0,,
0x00505574,SUB_00505574,,
0x005057dc,SUB_005057dc,,
0x005058a8,SUB_005058a8,,
0x005059ec,SUB_005059ec,,
0x00505b3c,SUB_00505b3c,,
0x00505b84,SUB_00505b84,,
0x00505bd8,SUB_00505bd8,,
0x00505d94,SUB_00505d94,,
0x00505f98,SUB_00505f98,,
0x0050638c,SUB_0050638c,,
0x00506780,SUB_00506780,,
0x005067bc,SUB_005067bc,,
0x00506a3c,SUB_00506a3c,,
0x00506a64,SUB_00506a64,,
0x00506b34,SUB_00506b34,,
0x00506c94,SUB_00506c94,,
0x00506e28,SUB_00506e28,,
0x00506f68,SUB_00506f68,,
0x005071b8,SUB_005071b8,,
0x005071dc,SUB_005071dc,,
0x00507548,SUB_00507548,,
0x005075b8,SUB_005075b8,,
0x00507644,SUB_00507644,,
0x00507684,SUB_00507684,,
0x005077fc,SUB_005077fc,,
0x00507820,SUB_00507820,,
0x00507a20,SUB_00507a20,,
0x00507c1c,SUB_00507c1c,,
0x00507c44,SUB_00507c44,,
0x00507e20,SUB_00507e20,,
0x005082f0,SUB_005082f0,,
0x00508de8,SUB_00508de8,,
0x00508e78,SUB_00508e78,,
0x00508f0c,SUB_00508f0c,,
0x00509510,SUB_00509510,,
0x00509848,SUB_00509848,,
0x00509a2c,SUB_00509a2c,,
0x00509a7c,SUB_00509a7c,,
0x00509b5c,SUB_00509b5c,,
0x00509b74,SUB_00509b74,,
0x0050aba8,SUB_0050aba8,,
0x0050ad1c,SUB_0050ad1c,,
0x0050ae5c,SUB_0050ae5c,,
0x0050aec0,SUB_0050aec0,,
0x0050b554,SUB_0050b554,,
0x0050b58c,SUB_0050b58c,,
0x0050b5b4,SUB_0050b5b4,,
0x0050b634,SUB_0050b634,,
0x0050bca0,SUB_0050bca0,,
0x0050bff4,SUB_0050bff4,,
0x0050c8ec,SUB_0050c8ec,,
0x0050d60c,SUB_0050d60c,,
0x0050d688,SUB_0050d688,,
0x0050d784,SUB_0050d784,,
0x0050d864,SUB_0050d864,,
0x0050daac,SUB_0050daac,,
0x0050db88,SUB_0050db88,,
0x0050dba8,SUB_0050dba8,,
0x0050dd10,SUB_0050dd10,,
0x0050dd40,SUB_0050dd40,,
0x0050de54,SUB_0050de54,,
0x0050e000,SUB_0050e000,,
0x0050e0a0,SUB_0050e0a0,,
0x0050e4c4,SUB_0050e4c4,,
0x0050e610,SUB_0050e610,,
0x0050e768,SUB_0050e768,,
0x0050e7f4,SUB_0050e7f4,,
0x0050ea88,SUB_0050ea88,,
0x0050eaa8,SUB_0050eaa8,,
0x0050ebf0,SUB_0050ebf0,,
0x0050ec08,SUB_0050ec08,,
0x0050ee44,SUB_0050ee44,,
0x0050ee68,SUB_0050ee68,,
0x0050f4c0,SUB_0050f4c0,,
0x0050f680,SUB_0050f680,,
0x0050f6c4,SUB_0050f6c4,,
0x0050fbf8,SUB_0050fbf8,,
0x0050fc8c,SUB_0050fc8c,,
0x0050fe54,SUB_0050fe54,,
0x0051027c,SUB_0051027c,,
0x005102d4,SUB_005102d4,,
0x005103ac,SUB_005103ac,,
0x00510520,SUB_00510520,,
0x00510978,SUB_00510978,,
0x005109bc,SUB_005109bc,,
0x00510a48,SUB_00510a48,,
0x00510ad4,SUB_00510ad4,,
0x00510b60,SUB_00510b60,,
0x00510bec,SUB_00510bec,,
0x00510c78,SUB_00510c78,,
0x00510d04,SUB_00510d04,,
0x00510d90,SUB_00510d90,,
0x00510e1c,SUB_00510e1c,,
0x00510ea8,SUB_00510ea8,,
0x00510f34,SUB_00510f34,,
0x005118f8,SUB_005118f8,,
0x0051193c,SUB_0051193c,,
0x00511b64,SUB_00511b64,,
0x00511ea8,SUB_00511ea8,,
0x00511ed4,SUB_00511ed4,,
0x00512130,SUB_00512130,,
0x00512554,SUB_00512554,,
0x00512678,SUB_00512678,,
0x005129b0,SUB_005129b0,,
0x00512ff4,SUB_00512ff4,,
0x00513200,SUB_00513200,,
0x005134e8,SUB_005134e8,,
0x00513ddc,SUB_00513ddc,,
0x00513e0c,SUB_00513e0c,,
0x00513f5c,SUB_00513f5c,,
0x00514048,SUB_00514048,,
0x00514108,SUB_00514108,,
0x00514394,SUB_00514394,,
0x00515bac,SUB_00515bac,,
0x00515bd4,SUB_00515bd4,,
0x00515d78,SUB_00515d78,,
0x005161c0,SUB_005161c0,,
0x005162ec,SUB_005162ec,,
0x00516a20,SUB_00516a20,,
0x00516bb0,SUB_00516bb0,,
0x00516c18,SUB_00516c18,,
0x00516df8,SUB_00516df8,,
0x00516e5c,SUB_00516e5c,,
0x00517f48,SUB_00517f48,,
0x00518324,SUB_00518324,,
0x005183b4,SUB_005183b4,,
0x00518538,SUB_00518538,,
0x00518680,SUB_00518680,,
0x005196f0,SUB_005196f0,,
0x0051972c,SUB_0051972c,,
0x00519c64,SUB_00519c64,,
0x00519c84,SUB_00519c84,,
0x00519cc4,SUB_00519cc4,,
0x00519e2c,SUB_00519e2c,,
0x00519ffc,SUB_00519ffc,,
0x0051a018,SUB_0051a018,,
0x0051a0a8,SUB_0051a0a8,,
0x0051a5f8,SUB_0051a5f8,,
0x0051a648,SUB_0051a648,,
0x0051a878,SUB_0051a878,,
0x0051ab50,SUB_0051ab50,,
0x0051ab70,SUB_0051ab70,,
0x0051aecc,SUB_0051aecc,,
0x0051aef8,SUB_0051aef8,,
0x0051b56c,SUB_0051b56c,,
0x0051b978,SUB_0051b978,,
0x0051babc,SUB_0051babc,,
0x0051c2d0,SUB_0051c2d0,,
0x0051c3d8,SUB_0051c3d8,,
0x0051cad4,SUB_0051cad4,,
0x0051cd88,SUB_0051cd88,,
0x0051d70c,SUB_0051d70c,,
0x0051d810,SUB_0051d810,,
0x0051d840,SUB_0051d840,,
0x0051d86c,SUB_0051d86c,,
0x0051d8c8,SUB_0051d8c8,,
0x0051d9a0,SUB_0051d9a0,,
0x0051da58,SUB_0051da58,,
0x0051dad4,SUB_0051dad4,,
0x0051db0c,SUB_0051db0c,,
0x00521474,SUB_00521474,,
0x005216cc,SUB_005216cc,,
0x00522074,SUB_00522074,,
0x00522700,SUB_00522700,,
0x00522788,SUB_00522788,,
0x005227ac,SUB_005227ac,,
0x005229c0,SUB_005229c0,,
0x00522a04,SUB_00522a04,,
0x00522b64,SUB_00522b64,,
0x00523068,SUB_00523068,,
0x005230f4,SUB_005230f4,,
0x00523148,SUB_00523148,,
0x00523750,SUB_00523750,,
0x00523760,SUB_00523760,,
0x00523798,SUB_00523798,,
0x00523858,SUB_00523858,,
0x00523b5c,SUB_00523b5c,,
0x00523f60,SUB_00523f60,,
0x00524360,SUB_00524360,,
0x00524594,SUB_00524594,,
0x005246b0,SUB_005246b0,,
0x005246e0,SUB_005246e0,,
0x00524df4,SUB_00524df4,,
0x005251e4,SUB_005251e4,,
0x00525504,SUB_00525504,,
0x00525de4,SUB_00525de4,,
0x00525e54,SUB_00525e54,,
0x005263a8,SUB_005263a8,,
0x00526414,SUB_00526414,,
0x005264d4,SUB_005264d4,,
0x00526560,SUB_00526560,,
0x005266fc,SUB_005266fc,,
0x005267e0,SUB_005267e0,,
0x005267f4,SUB_005267f4,,
0x005268e8,SUB_005268e8,,
0x00526c80,SUB_00526c80,,
0x00526cb8,SUB_00526cb8,,
0x00527050,SUB_00527050,,
0x00527860,SUB_00527860,,
0x005278ac,SUB_005278ac,,
0x00527958,SUB_00527958,,
0x0052796c,SUB_0052796c,,
0x005279d8,SUB_005279d8,,
0x0052801c,SUB_0052801c,,
0x00528474,SUB_00528474,,
0x005289d4,SUB_005289d4,,
0x00528b90,SUB_00528b90,,
0x0052903c,SUB_0052903c,,
0x00529068,SUB_00529068,,
0x00529994,SUB_00529994,,
0x00529d1c,SUB_00529d1c,,
0x00529ea4,SUB_00529ea4,,
0x00529f58,SUB_00529f58,,
0x0052a910,SUB_0052a910,,
0x0052b998,SUB_0052b998,,
0x0052b9c0,SUB_0052b9c0,,
0x0052ba30,SUB_0052ba30,,
0x0052c688,SUB_0052c688,,
0x0052d140,SUB_0052d140,,
0x0052d358,SUB_0052d358,,
0x0052d40c,SUB_0052d40c,,
0x0052d514,SUB_0052d514,,
0x0052d6a8,SUB_0052d6a8,,
0x0052dcd0,SUB_0052dcd0,,
0x0052dd28,SUB_0052dd28,,
0x0052de14,SUB_0052de14,,
0x0052e24c,SUB_0052e24c,,
0x0052e29c,SUB_0052e29c,,
0x0052eac8,SUB_0052eac8,,
0x0052eae8,SUB_0052eae8,,
0x0052ef90,SUB_0052ef90,,
0x0053005c,SUB_0053005c,,
0x00530288,SUB_00530288,,
0x00530298,SUB_00530298,,
0x00530364,SUB_00530364,,
0x00530428,SUB_00530428,,
0x005305dc,SUB_005305dc,,
0x0053064c,SUB_0053064c,,
0x00530968,SUB_00530968,,
0x005311e4,SUB_005311e4,,
0x00531370,SUB_00531370,,
0x0053168c,SUB_0053168c,,
0x005316ac,SUB_005316ac,,
0x005318e8,SUB_005318e8,,
0x00531900,SUB_00531900,,
0x00531cf8,SUB_00531cf8,,
0x00531d34,SUB_00531d34,,
0x00532208,SUB_00532208,,
0x0053227c,SUB_0053227c,,
0x00532418,SUB_00532418,,
0x00532ba8,SUB_00532ba8,,
0x00532fac,SUB_00532fac,,
0x00533aec,SUB_00533aec,,
0x00533bc4,SUB_00533bc4,,
0x00533c80,SUB_00533c80,,
0x00533df0,SUB_00533df0,,
0x00533efc,SUB_00533efc,,
0x00534328,SUB_00534328,,
0x00534530,SUB_00534530,,
0x0053473c,SUB_0053473c,,
0x00534994,SUB_00534994,,
0x00534b68,SUB_00534b68,,
0x00534c6c,SUB_00534c6c,,
0x00534fb0,SUB_00534fb0,,
0x0053515c,SUB_0053515c,,
0x00535270,SUB_00535270,,
0x00535344,SUB_00535344,,
0x0053624c,SUB_0053624c,,
0x00536638,SUB_00536638,,
0x0053664c,SUB_0053664c,,
0x0053665c,SUB_0053665c,,
0x00536958,SUB_00536958,,
0x00536e4c,SUB_00536e4c,,
0x005371f4,SUB_005371f4,,
0x0053729c,SUB_0053729c,,
0x005372c4,SUB_005372c4,,
0x00537584,SUB_00537584,,
0x00537944,SUB_00537944,,
0x005379b4,SUB_005379b4,,
0x005379d8,SUB_005379d8,,
0x00537acc,SUB_00537acc,,
0x00538278,SUB_00538278,,
0x00538748,SUB_00538748,,
0x00538974,SUB_00538974,,
0x00538a84,SUB_00538a84,,
0x00538d3c,SUB_00538d3c,,
0x00538eac,SUB_00538eac,,
0x00538eb0,SUB_00538eb0,,
0x00538ef4,SUB_00538ef4,,
0x00539768,SUB_00539768,,
0x00539868,SUB_00539868,,
0x00539d18,SUB_00539d18,,
0x0053a110,SUB_0053a110,,
