address,ref_count,range,tier,batch_id
0x003feb92,56,003fxxxx,clean,10
0x003fed98,56,003fxxxx,clean,10
0x003feb93,39,003fxxxx,clean,10
0x003fd1b4,39,003fxxxx,in_window,84
0x003fea08,38,003fxxxx,clean,28
0x003fe9d4,35,003fxxxx,clean,10
0x003fd108,34,003fxxxx,in_window,77
0x003fd948,31,003fxxxx,in_window,102
0x003fd942,29,003fxxxx,in_window,52
0x003fe9e8,28,003fxxxx,clean,23
0x003fed91,25,003fxxxx,clean,10
0x003fe9c0,25,003fxxxx,clean,106
0x003fcea1,23,003fxxxx,in_window,52
0x003fee66,20,003fxxxx,clean,65
0x003fd213,20,003fxxxx,in_window,90
0x003fd0c6,19,003fxxxx,in_window,76
0x003fdca8,18,003fxxxx,clean,59
0x003fd032,18,003fxxxx,in_window,70
0x003fd1e8,18,003fxxxx,in_window,89
0x0040afd8,17,0040xxxx,clean,28
0x003fce35,17,003fxxxx,in_window,49
0x003fd1ea,17,003fxxxx,in_window,89
0x0040b2f4,16,0040xxxx,clean,3
0x0040b1e7,16,0040xxxx,clean,36
0x003fbcaa,16,003fxxxx,in_window,14
0x003fbd42,16,003fxxxx,in_window,19
0x003fcf02,16,003fxxxx,in_window,58
0x003fcf3c,16,003fxxxx,in_window,60
0x003fd104,16,003fxxxx,in_window,77
0x0040b2a8,15,0040xxxx,clean,2
0x0040af0c,15,0040xxxx,clean,25
0x0040b984,15,0040xxxx,clean,65
0x003fd1b0,15,003fxxxx,in_window,84
0x003fd222,15,003fxxxx,in_window,90
0x0040b6c8,14,0040xxxx,clean,4
0x0040b6de,14,0040xxxx,clean,4
0x0040afea,14,0040xxxx,clean,29
0x0040b51a,14,0040xxxx,clean,45
0x0040b9a6,14,0040xxxx,clean,67
0x0040c270,14,0040xxxx,clean,75
0x003fea38,14,003fxxxx,clean,10
0x003fd93c,14,003fxxxx,in_window,52
0x003fd93f,14,003fxxxx,in_window,52
0x004090e8,13,0040xxxx,clean,6
0x0040b877,13,0040xxxx,clean,6
0x0040b1a0,13,0040xxxx,clean,35
0x0040b52e,13,0040xxxx,clean,46
0x0040b788,13,0040xxxx,clean,55
0x0040b840,13,0040xxxx,clean,58
0x003fdfb8,13,003fxxxx,clean,18
0x003fbd46,13,003fxxxx,in_window,19
0x003fcd92,13,003fxxxx,in_window,37
0x003fce24,13,003fxxxx,in_window,47
0x003fd0bc,13,003fxxxx,in_window,75
0x0040b2a4,12,0040xxxx,clean,2
0x0040b2c0,12,0040xxxx,clean,2
0x0040ba30,12,0040xxxx,clean,8
0x0040a02a,12,0040xxxx,clean,10
0x0040b2cc,12,0040xxxx,clean,40
0x0040b33e,12,0040xxxx,clean,43
0x003fce37,12,003fxxxx,in_window,49
0x003fd0c0,12,003fxxxx,in_window,75
0x003fd1b1,12,003fxxxx,in_window,84
0x0040b238,11,0040xxxx,clean,1
0x0040b254,11,0040xxxx,clean,1
0x0040b29a,11,0040xxxx,clean,2
0x0040ba34,11,0040xxxx,clean,8
0x0040a162,11,0040xxxx,clean,13
0x0040b1e6,11,0040xxxx,clean,36
0x0040b585,11,0040xxxx,clean,51
0x0040b9c0,11,0040xxxx,clean,69
0x003fbd2c,11,003fxxxx,in_window,17
0x003fcd5e,11,003fxxxx,in_window,33
0x003fcdb0,11,003fxxxx,in_window,39
0x003fce7a,11,003fxxxx,in_window,51
0x003fd941,11,003fxxxx,in_window,52
0x003fee9b,11,003fxxxx,clean,52
0x003fceac,11,003fxxxx,in_window,54
0x003fcf00,11,003fxxxx,in_window,58
0x003fcf96,11,003fxxxx,in_window,62
0x003fd08b,11,003fxxxx,in_window,72
0x003fd0b8,11,003fxxxx,in_window,74
0x003fd1b2,11,003fxxxx,in_window,84
0x003fd21e,11,003fxxxx,in_window,90
0x003fd2d8,11,003fxxxx,in_window,99
0x0040b534,10,0040xxxx,clean,1
0x0040b2ae,10,0040xxxx,clean,2
0x0040b6ca,10,0040xxxx,clean,4
0x004090f5,10,0040xxxx,clean,6
0x0040ba32,10,0040xxxx,clean,8
0x0040b5a2,10,0040xxxx,clean,33
0x0040b2c8,10,0040xxxx,clean,40
0x0040b344,10,0040xxxx,clean,43
0x0040b9ea,10,0040xxxx,clean,43
0x0040b3fd,10,0040xxxx,clean,45
0x0040b5ce,10,0040xxxx,clean,53
0x0040b968,10,0040xxxx,clean,65
0x0040b9b6,10,0040xxxx,clean,68
0x0040c274,10,0040xxxx,clean,75
0x003fbdc5,10,003fxxxx,in_window,25
0x003fbdef,10,003fxxxx,in_window,25
0x003fccf2,10,003fxxxx,in_window,31
0x003fcd7a,10,003fxxxx,in_window,34
0x003fcdaa,10,003fxxxx,in_window,37
0x003fcdf6,10,003fxxxx,in_window,44
0x003fce03,10,003fxxxx,in_window,45
0x003fce55,10,003fxxxx,in_window,49
0x003fcfb1,10,003fxxxx,in_window,64
0x003fd038,10,003fxxxx,in_window,70
0x003fd188,10,003fxxxx,in_window,81
0x003fd1c4,10,003fxxxx,in_window,84
0x003fd1f2,10,003fxxxx,in_window,89
0x003fd268,10,003fxxxx,in_window,95
0x003fd26e,10,003fxxxx,in_window,96
0x003fea24,10,003fxxxx,clean,106
0x0040aab4,9,0040xxxx,clean,12
0x0040a600,9,0040xxxx,clean,17
0x0040a6ba,9,0040xxxx,clean,20
0x0040a786,9,0040xxxx,clean,21
0x0040b084,9,0040xxxx,clean,32
0x0040b332,9,0040xxxx,clean,34
0x0040b342,9,0040xxxx,clean,44
0x0040b560,9,0040xxxx,clean,49
0x0040b566,9,0040xxxx,clean,49
0x0040b570,9,0040xxxx,clean,50
0x0040b57a,9,0040xxxx,clean,51
0x0040b66c,9,0040xxxx,clean,56
0x0040b8ba,9,0040xxxx,clean,59
0x0040b9c6,9,0040xxxx,clean,70
0x003fa69e,9,003fxxxx,in_window,1
0x003fa6b2,9,003fxxxx,in_window,1
0x003fa6ba,9,003fxxxx,in_window,1
0x003fb602,9,003fxxxx,in_window,7
0x003fbca6,9,003fxxxx,in_window,14
0x003fbcb2,9,003fxxxx,in_window,14
0x003fbd69,9,003fxxxx,in_window,23
0x003fbdcb,9,003fxxxx,in_window,25
0x003fcd8f,9,003fxxxx,in_window,36
0x003fdc96,9,003fxxxx,clean,44
0x003fce05,9,003fxxxx,in_window,45
0x003fce26,9,003fxxxx,in_window,47
0x003fd940,9,003fxxxx,in_window,52
0x003fea68,9,003fxxxx,clean,52
0x003fee50,9,003fxxxx,clean,52
0x003fcff8,9,003fxxxx,in_window,69
0x003fd0aa,9,003fxxxx,in_window,73
0x003fd0ca,9,003fxxxx,in_window,76
0x003fd134,9,003fxxxx,in_window,77
0x003fd164,9,003fxxxx,in_window,78
0x003fd1a6,9,003fxxxx,in_window,83
0x003fd209,9,003fxxxx,in_window,90
0x003fd211,9,003fxxxx,in_window,90
0x003fd219,9,003fxxxx,in_window,90
0x003fde48,9,003fxxxx,clean,103
0x003fe9b2,9,003fxxxx,clean,105
0x0040a5c8,8,0040xxxx,clean,0
0x0040b232,8,0040xxxx,clean,1
0x0040b236,8,0040xxxx,clean,1
0x0040b23a,8,0040xxxx,clean,1
0x0040b240,8,0040xxxx,clean,1
0x0040b532,8,0040xxxx,clean,1
0x0040b296,8,0040xxxx,clean,2
0x0040b2c4,8,0040xxxx,clean,2
0x00408dfc,8,0040xxxx,clean,4
0x00408e68,8,0040xxxx,clean,4
0x00408f4c,8,0040xxxx,clean,5
0x0040a44c,8,0040xxxx,clean,14
0x0040a792,8,0040xxxx,clean,22
0x0040aaa4,8,0040xxxx,clean,23
0x0040afe8,8,0040xxxx,clean,29
0x0040be36,8,0040xxxx,clean,29
0x0040b046,8,0040xxxx,clean,31
0x0040b340,8,0040xxxx,clean,43
0x0040b548,8,0040xxxx,clean,48
0x0040b58b,8,0040xxxx,clean,51
0x0040ba58,8,0040xxxx,clean,55
0x0040b8c0,8,0040xxxx,clean,59
0x003fb73c,8,003fxxxx,in_window,9
0x003fedce,8,003fxxxx,clean,10
0x003fbd66,8,003fxxxx,in_window,23
0x003fbdf0,8,003fxxxx,in_window,25
0x003fbdf4,8,003fxxxx,in_window,25
0x003fcd84,8,003fxxxx,in_window,35
0x003fcd86,8,003fxxxx,in_window,35
0x003fcd88,8,003fxxxx,in_window,35
0x003fcd8a,8,003fxxxx,in_window,35
0x003fcd8c,8,003fxxxx,in_window,35
0x003fcd8e,8,003fxxxx,in_window,36
0x003fcda0,8,003fxxxx,in_window,38
0x003fcdbc,8,003fxxxx,in_window,40
0x003fce04,8,003fxxxx,in_window,45
0x003fce0b,8,003fxxxx,in_window,45
0x003fce34,8,003fxxxx,in_window,49
0x003fcea4,8,003fxxxx,in_window,53
0x003fcefc,8,003fxxxx,in_window,58
0x003fcf12,8,003fxxxx,in_window,59
0x003fcfae,8,003fxxxx,in_window,64
0x003fcfbc,8,003fxxxx,in_window,65
0x003fee64,8,003fxxxx,clean,65
0x003fd048,8,003fxxxx,in_window,70
0x003fee98,8,003fxxxx,clean,74
0x003fd174,8,003fxxxx,in_window,80
0x003fd17f,8,003fxxxx,in_window,80
0x003fe9c4,8,003fxxxx,clean,82
0x003fea6e,8,003fxxxx,clean,88
0x003fd21b,8,003fxxxx,in_window,90
0x003fd26c,8,003fxxxx,in_window,96
0x0040a5e0,7,0040xxxx,clean,0
0x0040b234,7,0040xxxx,clean,1
0x00408868,7,0040xxxx,clean,2
0x0040b29c,7,0040xxxx,clean,2
0x0040b2bc,7,0040xxxx,clean,2
0x0040b6bc,7,0040xxxx,clean,4
0x0040b6c0,7,0040xxxx,clean,4
0x0040a5dc,7,0040xxxx,clean,16
0x0040a67a,7,0040xxxx,clean,19
0x0040a78a,7,0040xxxx,clean,21
0x0040b2ca,7,0040xxxx,clean,40
0x0040b32a,7,0040xxxx,clean,42
0x0040b34a,7,0040xxxx,clean,43
0x0040b57c,7,0040xxxx,clean,51
0x0040b57f,7,0040xxxx,clean,51
0x0040b586,7,0040xxxx,clean,51
0x0040b638,7,0040xxxx,clean,55
0x0040ba56,7,0040xxxx,clean,55
0x0040b8e4,7,0040xxxx,clean,62
0x0040b95a,7,0040xxxx,clean,63
0x0040b9b8,7,0040xxxx,clean,69
0x0040b9b9,7,0040xxxx,clean,69
0x0040b9c2,7,0040xxxx,clean,69
0x0040b9d8,7,0040xxxx,clean,71
0x0040b9dc,7,0040xxxx,clean,71
0x0040b9e2,7,0040xxxx,clean,71
0x0040b9ee,7,0040xxxx,clean,72
0x0040ba10,7,0040xxxx,clean,72
0x0040ba13,7,0040xxxx,clean,72
0x0040ba62,7,0040xxxx,clean,73
0x003fb41c,7,003fxxxx,in_window,5
0x003fed90,7,003fxxxx,clean,10
0x003fed9c,7,003fxxxx,clean,10
0x003fb9fe,7,003fxxxx,in_window,11
0x003fbc90,7,003fxxxx,in_window,12
0x003fbc98,7,003fxxxx,in_window,12
0x003fddb8,7,003fxxxx,clean,14
0x003fddba,7,003fxxxx,clean,14
0x003fbd28,7,003fxxxx,in_window,16
0x003fbd3e,7,003fxxxx,in_window,18
0x003fdfba,7,003fxxxx,clean,18
0x003fbdd3,7,003fxxxx,in_window,25
0x003fbddf,7,003fxxxx,in_window,25
0x003fbdf3,7,003fxxxx,in_window,25
0x003fcd04,7,003fxxxx,in_window,32
0x003fcd64,7,003fxxxx,in_window,33
0x003fcddc,7,003fxxxx,in_window,40
0x003fce12,7,003fxxxx,in_window,44
0x003fce01,7,003fxxxx,in_window,45
0x003fce0a,7,003fxxxx,in_window,45
0x003fce28,7,003fxxxx,in_window,47
0x003fce2e,7,003fxxxx,in_window,48
0x003fce9e,7,003fxxxx,in_window,52
0x003fee68,7,003fxxxx,clean,65
0x003fcfdc,7,003fxxxx,in_window,67
0x003fcfe4,7,003fxxxx,in_window,67
0x003fd053,7,003fxxxx,in_window,70
0x003fd06e,7,003fxxxx,in_window,71
0x003fd082,7,003fxxxx,in_window,72
0x003fd16e,7,003fxxxx,in_window,79
0x003fd196,7,003fxxxx,in_window,82
0x003fd19c,7,003fxxxx,in_window,82
0x003fd1a0,7,003fxxxx,in_window,82
0x003fd1a8,7,003fxxxx,in_window,83
0x003fd1c0,7,003fxxxx,in_window,84
0x003fd1c2,7,003fxxxx,in_window,84
0x003fd938,7,003fxxxx,in_window,84
0x003fd1f0,7,003fxxxx,in_window,89
0x003fd207,7,003fxxxx,in_window,90
0x003fd20d,7,003fxxxx,in_window,90
0x003fd226,7,003fxxxx,in_window,91
0x003fd26a,7,003fxxxx,in_window,95
0x003fd47c,7,003fxxxx,in_window,101
0x00408736,6,0040xxxx,clean,1
0x0040b230,6,0040xxxx,clean,1
0x0040b2a2,6,0040xxxx,clean,2
0x0040b2aa,6,0040xxxx,clean,2
0x0040b2c2,6,0040xxxx,clean,2
0x004088de,6,0040xxxx,clean,3
0x0040b9b4,6,0040xxxx,clean,3
0x00408e0c,6,0040xxxx,clean,4
0x0040b6b0,6,0040xxxx,clean,4
0x0040b6be,6,0040xxxx,clean,4
0x00409ebc,6,0040xxxx,clean,7
0x0040ba42,6,0040xxxx,clean,8
0x0040aaa6,6,0040xxxx,clean,12
0x0040c05f,6,0040xxxx,clean,12
0x0040a198,6,0040xxxx,clean,13
0x0040a19c,6,0040xxxx,clean,13
0x0040a7d4,6,0040xxxx,clean,19
0x0040ae6c,6,0040xxxx,clean,24
0x0040af07,6,0040xxxx,clean,26
0x0040be28,6,0040xxxx,clean,32
0x0040b0fa,6,0040xxxx,clean,33
0x0040b19e,6,0040xxxx,clean,34
0x0040b336,6,0040xxxx,clean,34
0x0040b32c,6,0040xxxx,clean,35
0x0040b1fe,6,0040xxxx,clean,38
0x0040b200,6,0040xxxx,clean,38
0x0040b2d0,6,0040xxxx,clean,41
0x0040b536,6,0040xxxx,clean,47
0x0040b59a,6,0040xxxx,clean,52
0x0040b8d4,6,0040xxxx,clean,60
0x0040b8d6,6,0040xxxx,clean,61
0x0040b8e2,6,0040xxxx,clean,61
0x0040b8ec,6,0040xxxx,clean,62
0x0040b952,6,0040xxxx,clean,63
0x0040b992,6,0040xxxx,clean,64
0x0040b99a,6,0040xxxx,clean,64
0x0040b962,6,0040xxxx,clean,65
0x0040b96e,6,0040xxxx,clean,65
0x0040b970,6,0040xxxx,clean,65
0x0040b99e,6,0040xxxx,clean,66
0x0040b9a0,6,0040xxxx,clean,66
0x0040ba68,6,0040xxxx,clean,73
0x0040c284,6,0040xxxx,clean,75
0x003fb612,6,003fxxxx,in_window,8
0x003fedbc,6,003fxxxx,clean,10
0x003fbc94,6,003fxxxx,in_window,12
0x003fbc9c,6,003fxxxx,in_window,13
0x003fbcae,6,003fxxxx,in_window,14
0x003fddc4,6,003fxxxx,clean,14
0x003fbd2a,6,003fxxxx,in_window,16
0x003fbdc4,6,003fxxxx,in_window,25
0x003fbdc9,6,003fxxxx,in_window,25
0x003fbdd7,6,003fxxxx,in_window,25
0x003fbdf1,6,003fxxxx,in_window,25
0x003fcbfe,6,003fxxxx,in_window,30
0x003fccf0,6,003fxxxx,in_window,31
0x003fcd62,6,003fxxxx,in_window,33
0x003fcdae,6,003fxxxx,in_window,37
0x003fcdc6,6,003fxxxx,in_window,40
0x003fcdce,6,003fxxxx,in_window,42
0x003fcdda,6,003fxxxx,in_window,43
0x003fce1c,6,003fxxxx,in_window,44
0x003fcdfa,6,003fxxxx,in_window,45
0x003fcdff,6,003fxxxx,in_window,45
0x003fce02,6,003fxxxx,in_window,45
0x003fce06,6,003fxxxx,in_window,45
0x003fce41,6,003fxxxx,in_window,49
0x003fce45,6,003fxxxx,in_window,49
0x003fce4d,6,003fxxxx,in_window,49
0x003fcea2,6,003fxxxx,in_window,52
0x003fcee8,6,003fxxxx,in_window,55
0x003fcf4c,6,003fxxxx,in_window,60
0x003fcf4e,6,003fxxxx,in_window,60
0x003fcf76,6,003fxxxx,in_window,61
0x003fcf78,6,003fxxxx,in_window,61
0x003fcf9e,6,003fxxxx,in_window,63
0x003fcfa6,6,003fxxxx,in_window,64
0x003fcfe0,6,003fxxxx,in_window,67
0x003fd004,6,003fxxxx,in_window,70
0x003fd04c,6,003fxxxx,in_window,70
0x003fd04f,6,003fxxxx,in_window,70
0x003fee7e,6,003fxxxx,clean,71
0x003fee80,6,003fxxxx,clean,71
0x003fd089,6,003fxxxx,in_window,72
0x003fd172,6,003fxxxx,in_window,80
0x003fd178,6,003fxxxx,in_window,80
0x003fd179,6,003fxxxx,in_window,80
0x003fd17b,6,003fxxxx,in_window,80
0x003fd17d,6,003fxxxx,in_window,80
0x003fd194,6,003fxxxx,in_window,82
0x003fd19a,6,003fxxxx,in_window,82
0x003fd19e,6,003fxxxx,in_window,82
0x003fe9ca,6,003fxxxx,clean,82
0x003fd1b3,6,003fxxxx,in_window,84
0x003fd1d6,6,003fxxxx,in_window,86
0x003fd1de,6,003fxxxx,in_window,87
0x003fd1ec,6,003fxxxx,in_window,89
0x003fd1fe,6,003fxxxx,in_window,90
0x003fd208,6,003fxxxx,in_window,90
0x003fd232,6,003fxxxx,in_window,92
0x003fd262,6,003fxxxx,in_window,93
0x003fd27a,6,003fxxxx,in_window,97
0x003fd2d4,6,003fxxxx,in_window,99
0x003fd40e,6,003fxxxx,in_window,99
0x003fd40f,6,003fxxxx,in_window,99
0x003fee2e,6,003fxxxx,clean,108
0x0040655c,5,0040xxxx,clean,0
0x0040a5c6,5,0040xxxx,clean,0
0x0040b0a8,5,0040xxxx,clean,1
0x0040b1e8,5,0040xxxx,clean,1
0x0040b23c,5,0040xxxx,clean,1
0x0040b23e,5,0040xxxx,clean,1
0x00408862,5,0040xxxx,clean,2
0x0040b292,5,0040xxxx,clean,2
0x004088d9,5,0040xxxx,clean,3
0x0040b2f8,5,0040xxxx,clean,3
0x0040b9aa,5,0040xxxx,clean,3
0x0040b696,5,0040xxxx,clean,4
0x0040b69e,5,0040xxxx,clean,4
0x0040b6b6,5,0040xxxx,clean,4
0x004090f3,5,0040xxxx,clean,6
0x0040b856,5,0040xxxx,clean,6
0x00409f96,5,0040xxxx,clean,8
0x00409fe2,5,0040xxxx,clean,9
0x0040a034,5,0040xxxx,clean,11
0x0040a11c,5,0040xxxx,clean,12
0x0040a44e,5,0040xxxx,clean,14
0x0040a5a2,5,0040xxxx,clean,15
0x0040a5be,5,0040xxxx,clean,16
0x0040a5f4,5,0040xxxx,clean,17
0x0040a666,5,0040xxxx,clean,18
0x0040a66e,5,0040xxxx,clean,18
0x0040a6b6,5,0040xxxx,clean,20
0x0040a782,5,0040xxxx,clean,21
0x0040a790,5,0040xxxx,clean,21
0x0040aac8,5,0040xxxx,clean,23
0x0040af06,5,0040xxxx,clean,25
0x0040af08,5,0040xxxx,clean,27
0x0040aff8,5,0040xxxx,clean,30
0x0040b04a,5,0040xxxx,clean,31
0x0040b086,5,0040xxxx,clean,32
0x0040b08a,5,0040xxxx,clean,32
0x0040b5a0,5,0040xxxx,clean,33
0x0040b32e,5,0040xxxx,clean,34
0x0040b330,5,0040xxxx,clean,34
0x0040b1f8,5,0040xxxx,clean,37
0x0040b22c,5,0040xxxx,clean,39
0x0040b2ce,5,0040xxxx,clean,40
0x0040b2d2,5,0040xxxx,clean,41
0x0040b530,5,0040xxxx,clean,46
0x0040b540,5,0040xxxx,clean,48
0x0040b583,5,0040xxxx,clean,51
0x0040b58a,5,0040xxxx,clean,51
0x0040b626,5,0040xxxx,clean,54
0x0040b63c,5,0040xxxx,clean,55
0x0040ba48,5,0040xxxx,clean,55
0x0040ba52,5,0040xxxx,clean,55
0x0040ba60,5,0040xxxx,clean,55
0x0040b68a,5,0040xxxx,clean,57
0x0040b844,5,0040xxxx,clean,58
0x0040b852,5,0040xxxx,clean,58
0x0040b8d8,5,0040xxxx,clean,61
0x0040b8de,5,0040xxxx,clean,61
0x0040b900,5,0040xxxx,clean,61
0x0040b904,5,0040xxxx,clean,61
0x0040b938,5,0040xxxx,clean,63
0x0040b942,5,0040xxxx,clean,63
0x0040b948,5,0040xxxx,clean,63
0x0040b960,5,0040xxxx,clean,64
0x0040b986,5,0040xxxx,clean,64
0x0040b97e,5,0040xxxx,clean,65
0x0040b9bc,5,0040xxxx,clean,69
0x0040b9c4,5,0040xxxx,clean,70
0x0040ba14,5,0040xxxx,clean,72
0x0040bb88,5,0040xxxx,clean,74
0x003fa0ba,5,003fxxxx,in_window,0
0x003fa0bc,5,003fxxxx,in_window,0
0x003fa696,5,003fxxxx,in_window,1
0x003fa6a6,5,003fxxxx,in_window,1
0x003fb0ee,5,003fxxxx,in_window,2
0x003fb0f0,5,003fxxxx,in_window,2
0x003fb341,5,003fxxxx,in_window,3
0x003fb40c,5,003fxxxx,in_window,4
0x003fb4e8,5,003fxxxx,in_window,6
0x003fb9ca,5,003fxxxx,in_window,10
0x003fbc9a,5,003fxxxx,in_window,12
0x003fbd18,5,003fxxxx,in_window,15
0x003fdfbe,5,003fxxxx,clean,18
0x003fbd5a,5,003fxxxx,in_window,20
0x003fbd5e,5,003fxxxx,in_window,21
0x003fbd62,5,003fxxxx,in_window,22
0x003fbd70,5,003fxxxx,in_window,24
0x003feb54,5,003fxxxx,clean,24
0x003feb6e,5,003fxxxx,clean,24
0x003fbdcc,5,003fxxxx,in_window,25
0x003fbdcd,5,003fxxxx,in_window,25
0x003fbdf5,5,003fxxxx,in_window,25
0x003fbdf7,5,003fxxxx,in_window,26
0x003fbdfb,5,003fxxxx,in_window,26
0x003fcbe6,5,003fxxxx,in_window,27
0x003fcbee,5,003fxxxx,in_window,28
0x003fcbf0,5,003fxxxx,in_window,28
0x003fcbf2,5,003fxxxx,in_window,29
0x003fcd08,5,003fxxxx,in_window,32
0x003fcd0c,5,003fxxxx,in_window,32
0x003fcd60,5,003fxxxx,in_window,33
0x003fcd68,5,003fxxxx,in_window,33
0x003fcd6c,5,003fxxxx,in_window,33
0x003fcd6e,5,003fxxxx,in_window,33
0x003fcdd8,5,003fxxxx,in_window,40
0x003fcdc8,5,003fxxxx,in_window,41
0x003fcdca,5,003fxxxx,in_window,41
0x003fce10,5,003fxxxx,in_window,44
0x003fce1a,5,003fxxxx,in_window,44
0x003fcdf8,5,003fxxxx,in_window,45
0x003fcdf9,5,003fxxxx,in_window,45
0x003fce07,5,003fxxxx,in_window,45
0x003fce08,5,003fxxxx,in_window,45
0x003fce09,5,003fxxxx,in_window,45
0x003fce0c,5,003fxxxx,in_window,46
0x003fce22,5,003fxxxx,in_window,47
0x003fce43,5,003fxxxx,in_window,49
0x003fce49,5,003fxxxx,in_window,49
0x003fce4b,5,003fxxxx,in_window,49
0x003fce51,5,003fxxxx,in_window,49
0x003fce5f,5,003fxxxx,in_window,49
0x003fce39,5,003fxxxx,in_window,50
0x003fce3f,5,003fxxxx,in_window,50
0x003fd947,5,003fxxxx,in_window,52
0x003fcea6,5,003fxxxx,in_window,53
0x003fceb2,5,003fxxxx,in_window,54
0x003fcebc,5,003fxxxx,in_window,54
0x003fceea,5,003fxxxx,in_window,56
0x003fcef8,5,003fxxxx,in_window,57
0x003fcf0c,5,003fxxxx,in_window,59
0x003fcf74,5,003fxxxx,in_window,61
0x003fcf7a,5,003fxxxx,in_window,61
0x003fcf9c,5,003fxxxx,in_window,63
0x003fcfa0,5,003fxxxx,in_window,63
0x003fee6c,5,003fxxxx,clean,65
0x003fee70,5,003fxxxx,clean,65
0x003fee74,5,003fxxxx,clean,65
0x003fcfc8,5,003fxxxx,in_window,66
0x003fcfee,5,003fxxxx,in_window,68
0x003fd002,5,003fxxxx,in_window,70
0x003fd04a,5,003fxxxx,in_window,70
0x003fd088,5,003fxxxx,in_window,72
0x003fd0c4,5,003fxxxx,in_window,76
0x003fd182,5,003fxxxx,in_window,81
0x003fd18f,5,003fxxxx,in_window,81
0x003fd192,5,003fxxxx,in_window,82
0x003fd198,5,003fxxxx,in_window,82
0x003fd1a4,5,003fxxxx,in_window,83
0x003fd1cc,5,003fxxxx,in_window,85
0x003fd1cd,5,003fxxxx,in_window,85
0x003fd1d0,5,003fxxxx,in_window,85
0x003fd1e6,5,003fxxxx,in_window,88
0x003fd20f,5,003fxxxx,in_window,90
0x003fd217,5,003fxxxx,in_window,90
0x003fd22d,5,003fxxxx,in_window,91
0x003fd234,5,003fxxxx,in_window,92
0x003fd24c,5,003fxxxx,in_window,92
0x003fd24e,5,003fxxxx,in_window,92
0x003fd257,5,003fxxxx,in_window,92
0x003fd258,5,003fxxxx,in_window,92
0x003fd25a,5,003fxxxx,in_window,93
0x003fd264,5,003fxxxx,in_window,94
0x003fd27e,5,003fxxxx,in_window,98
0x003feed0,5,003fxxxx,clean,99
0x003fd47a,5,003fxxxx,in_window,100
0x003fda48,5,003fxxxx,in_window,102
0x003fdfde,5,003fxxxx,clean,104
0x003feb8a,5,003fxxxx,clean,107
